"","WeatherTime","Observation.ID","Colony","Observer.ID","Time","Date","Nest.Site","Entrances","M.alates","F.alates","U.alates","Ent.1.Lux","Ent.2.Lux","Ent.3.Lux","Ent.4.Lux","Notes","Treatment","Season","Lat","Lon","DateTime","MorningOrEvening","LuxMean","Total.Rate.Out","Total.Rate.In","Foraging.Directions","Num.Trails","Mound.Fans","All.Traffic","Net.Rate","Foraging.Flow","AirTemp","RH","IrradianceAvg","SoilTemp","SoilMoisture","DewPoint","AirTemp_change","RH_change","IrradianceAvg_change","SoilTemp_change","SoilMoisture_change","DewPoint_change","exp","foraging","trail.foraging","steady"
"1",2024-06-05 07:15:00,1,"1","SO/MD",2025-09-02 07:14:00,2024-06-05,"a","1",FALSE,TRUE,FALSE,NA,NA,NA,NA,"","shade","summer",34.69759,-120.04996,2024-06-05 07:14:00,"morning",NA,8,10,1,1,FALSE,18,-2,-0.220671362168821,18.74,78.27,135.9,25.1,0.139,14.8760456738354,2.24,-9.53,38,0,-0.001,0.407209159353572,TRUE,TRUE,TRUE,TRUE
"2",2024-06-05 07:30:00,2,"2","SO/MD",2025-09-02 07:29:00,2024-06-05,"a","1",TRUE,TRUE,FALSE,NA,NA,NA,NA,"","water","summer",34.69756,-120.04981,2024-06-05 07:29:00,"morning",NA,14,33,2,2,FALSE,47,-19,-0.853358484998895,20.16,71.62,177.5,25.1,0.138,14.8673809278326,1.42,-6.64999999999999,41.6,0,-0.001,-0.00866474600280043,TRUE,TRUE,TRUE,TRUE
"3",2024-06-05 07:45:00,3,"3","SO/MD",2025-09-02 07:40:00,2024-06-05,"a","1",FALSE,FALSE,FALSE,NA,NA,NA,NA,"","control","summer",34.69747,-120.04981,2024-06-05 07:40:00,"morning",NA,0,0,0,0,FALSE,0,0,NA,20.69,92.5,220.7,25.03,0.137,19.4294612184655,0.530000000000001,20.88,43.2,-0.0700000000000003,-0.001,4.56208029063292,TRUE,FALSE,FALSE,FALSE
"4",2024-06-05 08:00:00,4,"4","SO/MD",2025-09-02 07:55:00,2024-06-05,"a","2",FALSE,FALSE,TRUE,NA,NA,NA,NA,"","shade","summer",34.69728,-120.04974,2024-06-05 07:55:00,"morning",NA,27,53,2,2,FALSE,80,-26,-0.672643200362238,21.03,69.06,265.8,24.91,0.137,15.134749069055,0.34,-23.44,45.1,-0.120000000000001,0,-4.29471214941054,TRUE,TRUE,TRUE,TRUE
"5",2024-06-05 08:15:00,5,"5","SO/MD",2025-09-02 08:11:00,2024-06-05,"a","1",FALSE,FALSE,FALSE,NA,NA,NA,NA,"mound activity","water","summer",34.69725,-120.04968,2024-06-05 08:11:00,"morning",NA,0,0,0,0,FALSE,0,0,NA,21.28,68.46,311.1,24.9,0.137,15.2376708056591,0.25,-0.600000000000009,45.3,-0.0100000000000016,0,0.102921736604115,TRUE,FALSE,FALSE,FALSE
"6",2024-06-05 08:15:00,6,"6","SO/MD",2025-09-02 08:20:00,2024-06-05,"a","1",FALSE,FALSE,FALSE,NA,NA,NA,NA,"","control","summer",34.69735,-120.04949,2024-06-05 08:20:00,"morning",NA,19,23,1,1,FALSE,42,-4,-0.190144282475164,21.28,68.46,311.1,24.9,0.137,15.2376708056591,0.25,-0.600000000000009,45.3,-0.0100000000000016,0,0.102921736604115,TRUE,TRUE,TRUE,TRUE
"7",2024-06-05 08:30:00,7,"7","SO/MD",2025-09-02 08:26:00,2024-06-05,"a","3",FALSE,FALSE,FALSE,NA,NA,NA,NA,"","shade","summer",34.69727,-120.04945,2024-06-05 08:26:00,"morning",NA,14,97,2,2,FALSE,111,-83,-1.92956657791316,21.99,66.11,356.8,24.9,0.137,15.3695777737975,0.709999999999997,-2.34999999999999,45.7,0,0,0.131906968138415,TRUE,TRUE,TRUE,FALSE
"8",2024-06-05 08:45:00,8,"8","SO/MD",2025-09-02 08:42:00,2024-06-05,"a","1",FALSE,FALSE,FALSE,NA,NA,NA,NA,"","water","summer",34.69715,-120.04919,2024-06-05 08:42:00,"morning",NA,20,74,2,2,FALSE,94,-54,-1.30469571723701,22.91,62.75,402.3,24.9,0.137,15.4275941821641,0.920000000000002,-3.36,45.5,0,0,0.0580164083666386,TRUE,TRUE,TRUE,FALSE
"9",2024-06-05 08:45:00,9,"9","SO/MD",2025-09-02 08:52:00,2024-06-05,"a","1",FALSE,TRUE,FALSE,NA,NA,NA,NA,"","control","summer",34.69692,-120.04934,2024-06-05 08:52:00,"morning",NA,4,34,1,1,FALSE,38,-30,-2.11831041057921,22.91,62.75,402.3,24.9,0.137,15.4275941821641,0.920000000000002,-3.36,45.5,0,0,0.0580164083666386,TRUE,TRUE,TRUE,FALSE
"10",2024-06-05 09:00:00,10,"10","SO/MD",2025-09-02 09:01:00,2024-06-05,"a","1",FALSE,FALSE,FALSE,NA,NA,NA,NA,"","shade","summer",34.69697,-120.04914,2024-06-05 09:01:00,"morning",NA,2,4,1,1,FALSE,6,-2,-0.669049628980885,23.43,61.28,446.9,24.83,0.137,15.5479427657033,0.52,-1.47,44.6,-0.0700000000000003,0,0.12034858353921,TRUE,TRUE,TRUE,TRUE
"11",2024-06-05 09:15:00,11,"11","SO/MD",2025-09-02 09:12:00,2024-06-05,"a","3",FALSE,FALSE,FALSE,NA,NA,NA,NA,"","water","summer",34.69695,-120.04874,2024-06-05 09:12:00,"morning",NA,0,0,0,0,FALSE,0,0,NA,24.06,59.46,489.9,24.7,0.137,15.668978135664,0.629999999999999,-1.82,43,-0.129999999999999,0,0.121035369960682,TRUE,FALSE,FALSE,FALSE
"12",2024-06-05 09:15:00,12,"14","SO/MD",2025-09-02 09:18:00,2024-06-05,"a","1",FALSE,FALSE,FALSE,NA,NA,NA,NA,"","control","summer",34.69664,-120.04864,2024-06-05 09:18:00,"morning",NA,17,48,1,1,FALSE,65,-31,-1.0342037136031,24.06,59.46,489.9,24.7,0.137,15.668978135664,0.629999999999999,-1.82,43,-0.129999999999999,0,0.121035369960682,TRUE,TRUE,TRUE,TRUE
"13",2024-06-05 09:30:00,13,"15","SO/MD",2025-09-02 09:29:00,2024-06-05,"a","2",FALSE,FALSE,FALSE,NA,NA,NA,NA,"","shade","summer",34.69665,-120.04845,2024-06-05 09:29:00,"morning",NA,12,30,1,1,FALSE,42,-18,-0.911319719152135,24.28,58.2,531.6,24.7,0.137,15.5404183488493,0.220000000000002,-1.26,41.7,0,0,-0.128559786814728,TRUE,TRUE,TRUE,TRUE
"14",2024-06-05 09:30:00,14,"16","SO/MD",2025-09-02 09:36:00,2024-06-05,"a","2",FALSE,FALSE,FALSE,NA,NA,NA,NA,"mound activity","water","summer",34.69645,-120.04852,2024-06-05 09:36:00,"morning",NA,0,0,0,0,FALSE,0,0,NA,24.28,58.2,531.6,24.7,0.137,15.5404183488493,0.220000000000002,-1.26,41.7,0,0,-0.128559786814728,TRUE,FALSE,FALSE,FALSE
"15",2024-06-05 09:45:00,15,"27","SO/MD",2025-09-02 09:45:00,2024-06-05,"a","1",FALSE,FALSE,FALSE,NA,NA,NA,NA,"nest activity","control","summer",34.69715,-120.04846,2024-06-05 09:45:00,"morning",NA,0,0,0,0,FALSE,0,0,NA,25.05,56.4,571.5,24.7,0.137,15.7683730449484,0.77,-1.8,39.9,0,0,0.227954696099079,TRUE,FALSE,FALSE,FALSE
"16",2024-06-05 18:15:00,16,"4","SO",2025-09-02 18:16:00,2024-06-05,"a","2",FALSE,FALSE,FALSE,14300,1680,NA,NA,"","shade","summer",34.69728,-120.04974,2024-06-05 18:16:00,"evening",7990,0,0,0,0,FALSE,0,0,NA,28.48,47.87,289.6,27.5,0.14,16.360426038441,-0.699999999999999,1.01,-47.7,0.18,-0.000999999999999973,-0.302463219462261,TRUE,FALSE,FALSE,FALSE
"17",2024-06-05 18:30:00,17,"5","SO",2025-09-02 18:34:00,2024-06-05,"a","1",FALSE,FALSE,FALSE,4130,NA,NA,NA,"","water","summer",34.69725,-120.04968,2024-06-05 18:34:00,"evening",4130,0,0,0,0,FALSE,0,0,NA,27.89,49.14,256.7,27.51,0.14,16.2323490213776,-0.59,1.27,-32.9,0.0100000000000016,0,-0.128077017063422,TRUE,FALSE,FALSE,FALSE
"18",2024-06-05 18:45:00,18,"6","SO",2025-09-02 18:49:00,2024-06-05,"a","1",FALSE,FALSE,FALSE,8550,NA,NA,NA,"","control","summer",34.69735,-120.04949,2024-06-05 18:49:00,"evening",8550,51,12,1,1,FALSE,63,39,1.44057904460696,27.75,49.62,211.3,27.77,0.14,16.2567029708703,-0.140000000000001,0.479999999999997,-45.4,0.259999999999998,0,0.0243539494926708,TRUE,TRUE,TRUE,FALSE
"19",2024-06-05 19:00:00,19,"7","SO",2025-09-02 19:04:00,2024-06-05,"a","3",FALSE,FALSE,FALSE,2830,1920,2120,NA,"","shade","summer",34.69727,-120.04945,2024-06-05 19:04:00,"evening",2290,124,86,2,2,FALSE,210,38,0.365578280776876,27.81,49.5,170.4,27.8,0.14,16.2736817713964,0.0599999999999987,-0.119999999999997,-40.9,0.0300000000000011,0,0.0169788005261111,TRUE,TRUE,TRUE,TRUE
"20",2024-06-05 19:30:00,20,"8","SO",2025-09-02 19:30:00,2024-06-05,"a","1",FALSE,TRUE,FALSE,1400,NA,NA,NA,"","water","summer",34.69715,-120.04919,2024-06-05 19:30:00,"evening",1400,40,29,2,2,FALSE,69,11,0.320638160135077,26.85,51.55,91,27.81,0.14,16.0281803403064,-0.75,1.63,-37.9,0.00999999999999801,0,-0.185577968868504,TRUE,TRUE,TRUE,TRUE
"21",2024-06-05 20:00:00,21,"9","SO",2025-09-02 19:55:00,2024-06-05,"a","1",FALSE,FALSE,FALSE,760,NA,NA,NA,"","control","summer",34.69692,-120.04934,2024-06-05 19:55:00,"evening",760,6,31,1,1,FALSE,37,-25,-1.62891904800592,24.55,57.02,23.83,28,0.139,15.4729068555087,-0.969999999999999,11.05,-31.15,0.0500000000000007,-0.001,2.43737649310233,TRUE,TRUE,TRUE,FALSE
"22",2024-06-05 20:00:00,22,"10","SO",2025-09-02 20:06:00,2024-06-05,"a","1",FALSE,FALSE,FALSE,1,NA,NA,NA,"","shade","summer",34.69697,-120.04914,2024-06-05 20:06:00,"evening",1,29,56,4,4,FALSE,85,-27,-0.656397638351204,24.55,57.02,23.83,28,0.139,15.4729068555087,-0.969999999999999,11.05,-31.15,0.0500000000000007,-0.001,2.43737649310233,TRUE,TRUE,TRUE,TRUE
"23",2024-06-05 20:45:00,23,"11","SO",2025-09-02 20:40:00,2024-06-05,"a","3",FALSE,FALSE,FALSE,0,0,0,NA,"","water","summer",34.69695,-120.04874,2024-06-05 20:40:00,"evening",0,0,0,0,0,FALSE,0,0,NA,20.89,70.3,0.37,28,0.139,15.2780103253383,-0.640000000000001,1.89,-2.417,0,0,-0.186954511209999,TRUE,FALSE,FALSE,FALSE
"24",2024-06-05 21:00:00,24,"14","SO",2025-09-02 20:57:00,2024-06-05,"a","1",FALSE,FALSE,FALSE,0,NA,NA,NA,"","control","summer",34.69664,-120.04864,2024-06-05 20:57:00,"evening",0,37,43,2,2,FALSE,80,-6,-0.149906027496313,20.19,73.1,0,28,0.139,15.2144460359424,-0.699999999999999,2.8,-0.37,0,0,-0.0635642893959076,TRUE,TRUE,TRUE,TRUE
"25",2024-06-06 06:15:00,25,"10","SO",2025-09-02 06:10:00,2024-06-06,"a","1",FALSE,FALSE,TRUE,790,NA,NA,NA,"","shade","summer",34.69697,-120.04914,2024-06-06 06:10:00,"morning",790,13,7,2,2,FALSE,20,6,0.612517446159836,12.36,97.5,9.21,26.33,0.137,11.9748250219539,-0.120000000000001,0,5.897,-0.0700000000000003,0,-0.119638351517514,TRUE,TRUE,TRUE,TRUE
"26",2024-06-06 06:30:00,26,"11","SO",2025-09-02 06:34:00,2024-06-06,"a","3",FALSE,TRUE,FALSE,4210,3430,NA,NA,"","water","summer",34.69695,-120.04874,2024-06-06 06:34:00,"morning",3820,20,8,3,2,TRUE,28,12,0.908855753386637,12.56,97.6,16.5,26.21,0.136,12.1898196689871,0.200000000000001,0.0999999999999943,7.29,-0.119999999999997,-0.001,0.214994647033125,TRUE,TRUE,TRUE,TRUE
"27",2024-06-06 07:00:00,27,"14","SO",2025-09-02 06:57:00,2024-06-06,"a","1",TRUE,FALSE,FALSE,3090,NA,NA,NA,"","control","summer",34.69664,-120.04864,2024-06-06 06:57:00,"morning",3090,48,25,1,1,FALSE,73,23,0.650414330973977,15.38,96.2,102.1,26.2,0.138,14.7770944141004,1.95,-1.3,42.77,0,0.001,1.73550007162319,TRUE,TRUE,TRUE,TRUE
"28",2024-06-06 07:15:00,28,"15","SO",2025-09-02 07:13:00,2024-06-06,"a","2",FALSE,FALSE,FALSE,2190,2400,NA,NA,"","shade","summer",34.69665,-120.04845,2024-06-06 07:13:00,"morning",2295,14,13,2,1,TRUE,27,1,0.0735625671770166,16.76,90.4,135.3,26.2,0.138,15.1784939711526,1.38,-5.8,33.2,0,0,0.401399557052256,TRUE,TRUE,TRUE,TRUE
"29",2024-06-06 07:30:00,29,"16","SO",2025-09-02 07:29:00,2024-06-06,"a","1",FALSE,TRUE,FALSE,21100,NA,NA,NA,"","water","summer",34.69645,-120.04852,2024-06-06 07:29:00,"morning",21100,10,10,2,2,FALSE,20,0,0,17.86,84.8,175.5,26.03,0.138,15.264618757585,1.1,-5.60000000000001,40.2,-0.169999999999998,0,0.0861247864323911,TRUE,TRUE,TRUE,TRUE
"30",2024-06-06 08:00:00,30,"27","SO",2025-09-02 08:02:00,2024-06-06,"a","1",FALSE,FALSE,FALSE,25600,NA,NA,NA,"","control","summer",34.69715,-120.04846,2024-06-06 08:02:00,"morning",25600,72,103,3,3,FALSE,175,-31,-0.357645346732011,20.39,73.91,262,25.9,0.138,15.5790029848007,0.810000000000002,-23.39,44.1,0,0,-3.5607879522289,TRUE,TRUE,TRUE,TRUE
"31",2024-06-06 08:30:00,31,"1","SO",2025-09-02 08:28:00,2024-06-06,"a","1",FALSE,FALSE,FALSE,2770,NA,NA,NA,"","shade","summer",34.69759,-120.04996,2024-06-06 08:28:00,"morning",2770,6,7,2,2,FALSE,13,-1,-0.151806012868004,21.67,69.04,352.4,25.8,0.138,15.7419370700869,0.340000000000003,-1.16,45.2,-0.0999999999999979,0,0.0647066642666978,TRUE,TRUE,TRUE,TRUE
"32",2024-06-06 08:45:00,32,"2","SO",2025-09-02 08:49:00,2024-06-06,"a","2",FALSE,FALSE,FALSE,47500,32800,NA,NA,"","water","summer",34.69756,-120.04981,2024-06-06 08:49:00,"morning",40150,0,0,0,0,FALSE,0,0,NA,21.61,68.74,396.8,25.61,0.138,15.616521183369,-0.0600000000000023,-0.300000000000011,44.4,-0.190000000000001,0,-0.12541588671797,TRUE,FALSE,FALSE,FALSE
"33",2024-06-06 09:00:00,33,"3","SO",2025-09-02 09:06:00,2024-06-06,"a","1",FALSE,FALSE,FALSE,128800,NA,NA,NA,"mound activity","control","summer",34.69747,-120.04981,2024-06-06 09:06:00,"morning",128800,0,0,0,0,FALSE,0,0,NA,22.33,66.77,440.6,25.6,0.138,15.8482241939022,0.719999999999999,-1.97,43.8,-0.00999999999999801,0,0.231703010533275,TRUE,FALSE,FALSE,FALSE
"34",2024-06-06 18:45:00,34,"1","SO",2025-09-02 18:40:00,2024-06-06,"a","1",FALSE,FALSE,FALSE,6000,NA,NA,NA,"","shade","summer",34.69759,-120.04996,2024-06-06 18:40:00,"evening",6000,31,18,2,1,TRUE,49,13,0.541295880913408,26.69,51.75,205.8,28.27,0.138,15.9413979437443,-0.52,1.14,-46.8,0.27,0,-0.129556042345069,TRUE,TRUE,TRUE,TRUE
"35",2024-06-06 19:00:00,35,"2","SO",2025-09-02 18:58:00,2024-06-06,"a","1",FALSE,FALSE,FALSE,3020,NA,NA,NA,"","water","summer",34.69756,-120.04981,2024-06-06 18:58:00,"evening",3020,37,30,2,2,FALSE,67,7,0.209091797858559,26.61,52.06,164.3,28.3,0.139,15.9611937793923,-0.0800000000000018,0.310000000000002,-41.5,0.0300000000000011,0.001,0.0197958356480328,TRUE,TRUE,TRUE,TRUE
"36",2024-06-06 19:30:00,36,"3","SO",2025-09-02 19:31:00,2024-06-06,"a","1",FALSE,FALSE,FALSE,1770,NA,NA,NA,"","control","summer",34.69747,-120.04981,2024-06-06 19:31:00,"evening",1770,99,96,2,2,FALSE,195,3,0.0307401253596955,24.79,56.41,90.8,28.3,0.14,15.528819840874,-0.810000000000002,2.2,-43.5,0,0.001,-0.131502336530797,TRUE,TRUE,TRUE,TRUE
"37",2024-06-06 19:45:00,37,"4","SO",2025-09-02 19:45:00,2024-06-06,"a","3",FALSE,FALSE,FALSE,260,560,NA,NA,"","shade","summer",34.69728,-120.04974,2024-06-06 19:45:00,"evening",410,66,37,2,2,FALSE,103,29,0.577551777244251,24,58.55,55.54,28.3,0.14,15.3719003762075,-0.789999999999999,2.14,-35.26,0,0,-0.156919464666496,TRUE,TRUE,TRUE,TRUE
"38",2024-06-06 20:15:00,38,"5","SO",2025-09-02 20:09:00,2024-06-06,"a","1",FALSE,FALSE,FALSE,430,NA,NA,NA,"mound activity, seeds moving out","water","summer",34.69725,-120.04968,2024-06-06 20:09:00,"evening",430,0,0,0,0,FALSE,0,0,NA,21.25,66.1,9.43,28.6,0.141,14.66367966669,-1.44,4.23999999999999,-15.03,0.0700000000000003,0,-0.333751225705949,TRUE,FALSE,FALSE,FALSE
"39",2024-06-06 20:15:00,39,"6","SO",2025-09-02 20:11:00,2024-06-06,"a","1",FALSE,FALSE,FALSE,60,NA,NA,NA,"","control","summer",34.69735,-120.04949,2024-06-06 20:11:00,"evening",60,27,20,3,2,TRUE,47,7,0.298813912820625,21.25,66.1,9.43,28.6,0.141,14.66367966669,-1.44,4.23999999999999,-15.03,0.0700000000000003,0,-0.333751225705949,TRUE,TRUE,TRUE,TRUE
"40",2024-06-06 20:30:00,40,"7","SO",2025-09-02 20:26:00,2024-06-06,"a","2",FALSE,FALSE,FALSE,1,0,NA,NA,"","shade","summer",34.69727,-120.04945,2024-06-06 20:26:00,"evening",0.5,83,62,3,3,FALSE,145,21,0.291298712921969,20.49,68.64,2.976,28.6,0.14,14.5239971664446,-0.760000000000002,2.54000000000001,-6.454,0,-0.000999999999999973,-0.139682500245463,TRUE,TRUE,TRUE,TRUE
"41",2024-06-06 20:45:00,41,"8","SO",2025-09-02 20:43:00,2024-06-06,"a","1",FALSE,FALSE,FALSE,0,NA,NA,NA,"","water","summer",34.69715,-120.04919,2024-06-06 20:43:00,"evening",0,20,58,2,2,FALSE,78,-38,-1.06144584879284,19.67,71.07,0.417,28.6,0.14,14.2775811513755,-0.819999999999997,2.42999999999999,-2.559,0,0,-0.246416015069045,TRUE,TRUE,TRUE,TRUE
"42",2024-06-06 21:00:00,42,"9","SO",2025-09-02 21:01:00,2024-06-06,"a","1",FALSE,FALSE,FALSE,0,NA,NA,NA,"","control","summer",34.69692,-120.04934,2024-06-06 21:01:00,"evening",0,25,53,1,1,FALSE,78,-28,-0.749309082110155,18.94,73.29,0,28.6,0.141,14.0512025405227,-0.73,2.22000000000001,-0.417,0,0.000999999999999973,-0.226378610852851,TRUE,TRUE,TRUE,TRUE
"43",2024-06-07 06:15:00,43,"7","SO",2025-09-02 06:09:00,2024-06-07,"a","3",FALSE,FALSE,FALSE,970,1200,1240,NA,"","shade","summer",34.69727,-120.04945,2024-06-07 06:09:00,"morning",1136.66666666667,25,18,2,2,FALSE,43,7,0.326955907865958,12.19,97,9.46,26.7,0.137,11.7273634096011,-0.0899999999999999,0,6.005,0,-0.001,-0.0896740677545402,TRUE,TRUE,TRUE,TRUE
"44",2024-06-07 06:30:00,44,"8","SO",2025-09-02 06:30:00,2024-06-07,"a","1",FALSE,FALSE,FALSE,4590,NA,NA,NA,"","water","summer",34.69715,-120.04919,2024-06-07 06:30:00,"morning",4590,27,20,2,2,FALSE,47,7,0.298813912820625,12.21,96.7,16.96,26.7,0.137,11.700329317,0.0200000000000014,-0.299999999999997,7.5,0,0,-0.0270340926010721,TRUE,TRUE,TRUE,TRUE
"45",2024-06-07 06:45:00,45,"9","SO",2025-09-02 06:47:00,2024-06-07,"a","1",TRUE,TRUE,FALSE,5410,NA,NA,NA,"high mound activity","control","summer",34.69692,-120.04934,2024-06-07 06:47:00,"morning",5410,19,17,2,2,FALSE,36,2,0.11060987154397,12.15,96,56.19,26.48,0.135,11.5305417920403,-0.0600000000000005,-0.700000000000003,39.23,-0.219999999999999,-0.002,-0.169787524959732,TRUE,TRUE,TRUE,TRUE
"46",2024-06-07 07:00:00,46,"10","SO",2025-09-02 07:07:00,2024-06-07,"a","1",FALSE,TRUE,FALSE,3900,NA,NA,NA,"","shade","summer",34.69697,-120.04914,2024-06-07 07:07:00,"morning",3900,18,28,3,2,TRUE,46,-10,-0.43985763806792,13.57,93.1,95.5,26.4,0.134,12.4749941032722,1.42,-2.90000000000001,39.31,-0.0800000000000018,-0.001,0.944452311231878,TRUE,TRUE,TRUE,TRUE
"47",2024-06-07 07:30:00,47,"11","SO",2025-09-02 07:27:00,2024-06-07,"a","1",FALSE,TRUE,FALSE,20800,NA,NA,NA,"","water","summer",34.69695,-120.04874,2024-06-07 07:27:00,"morning",20800,17,31,3,2,TRUE,48,-14,-0.598129355676574,15.18,85.8,172.8,26.4,0.135,12.8165281435359,0.58,-2.5,51.4,0,0,0.131471934196417,TRUE,TRUE,TRUE,TRUE
"48",2024-06-07 08:00:00,48,"14","SO",2025-09-02 07:57:00,2024-06-07,"a","2",FALSE,TRUE,FALSE,7970,10600,NA,NA,"","control","summer",34.69664,-120.04864,2024-06-07 07:57:00,"morning",9285,61,44,1,1,FALSE,105,17,0.326052083724749,16.93,80.3,261,26.2,0.135,13.5119475052658,0.16,-0.100000000000009,45.1,-0.0899999999999999,0,0.136710538153681,TRUE,TRUE,TRUE,TRUE
"49",2024-06-07 08:15:00,49,"15","SO",2025-09-02 08:18:00,2024-06-07,"a","2",FALSE,FALSE,FALSE,1830,1360,NA,NA,"","shade","summer",34.69665,-120.04845,2024-06-07 08:18:00,"morning",1595,0,0,1,0,TRUE,0,0,0,17.71,78.23,306.3,26.2,0.135,13.8682791870588,0.780000000000001,-2.06999999999999,45.3,0,0,0.356331681792954,TRUE,TRUE,FALSE,TRUE
"50",2024-06-07 08:30:00,50,"16","SO",2025-09-02 08:30:00,2024-06-07,"a","1",FALSE,FALSE,FALSE,46600,NA,NA,NA,"","water","summer",34.69645,-120.04852,2024-06-07 08:30:00,"morning",46600,26,39,3,3,FALSE,65,-13,-0.404187152662672,19.76,72.2,352.7,26.2,0.136,14.6082948201348,2.05,-6.03,46.4,0,0.001,0.740015633076021,TRUE,TRUE,TRUE,TRUE
"51",2024-06-07 09:00:00,51,"27","SO",2025-09-02 08:55:00,2024-06-07,"a","1",FALSE,FALSE,FALSE,30900,NA,NA,NA,"","control","summer",34.69715,-120.04846,2024-06-07 08:55:00,"morning",30900,6,21,1,1,FALSE,27,-15,-1.24098426930276,20.51,68.21,440.9,25.96,0.137,14.445744733174,-0.129999999999999,-0.870000000000005,43.1,-0.239999999999998,0.001,-0.320701043765895,TRUE,TRUE,TRUE,FALSE
"52",2024-06-07 18:00:00,52,"16","SO",2025-09-02 18:06:00,2024-06-07,"a","2",FALSE,FALSE,FALSE,11760,NA,NA,NA,"","water","summer",34.69645,-120.04852,2024-06-07 18:06:00,"evening",11760,13,11,2,1,TRUE,24,2,0.165667121888817,24.73,54.44,370.1,28.3,0.139,14.9191864763014,-0.509999999999998,1.18,-27.6,0.0800000000000018,0.001,-0.131880695549572,TRUE,TRUE,TRUE,TRUE
"53",2024-06-07 18:30:00,53,"27","SO",2025-09-02 18:26:00,2024-06-07,"a","2",FALSE,FALSE,FALSE,11100,3170,NA,NA,"","control","summer",34.69715,-120.04846,2024-06-07 18:26:00,"evening",7135,50,44,3,3,FALSE,94,6,0.127561225638019,23.18,58.18,269,28.38,0.139,14.5056834432538,-0.789999999999999,2.09,-27.1,0.0799999999999983,0,-0.170479187474253,TRUE,TRUE,TRUE,TRUE
"54",2024-06-07 18:45:00,54,"15","SO",2025-09-02 18:43:00,2024-06-07,"a","2",FALSE,TRUE,FALSE,1590,1660,NA,NA,"","shade","summer",34.69665,-120.04845,2024-06-07 18:43:00,"evening",1625,141,95,3,3,FALSE,236,46,0.394539889307424,22.47,60.26,233.3,28.59,0.14,14.3837068892556,-0.710000000000001,2.08,-35.7,0.210000000000001,0.001,-0.121976553998209,TRUE,TRUE,TRUE,TRUE
"55",2024-06-07 19:00:00,55,"2","SO",2025-09-02 19:06:00,2024-06-07,"a","1",FALSE,FALSE,FALSE,3190,NA,NA,NA,"","water","summer",34.69756,-120.04981,2024-06-07 19:06:00,"evening",3190,45,61,2,2,FALSE,106,-16,-0.303629619668917,22.14,61.1,188.5,28.6,0.14,14.2874254809617,-0.329999999999998,0.840000000000003,-44.8,0.0100000000000016,0,-0.0962814082939083,TRUE,TRUE,TRUE,TRUE
"56",2024-06-07 19:15:00,56,"1","SO",2025-09-02 19:21:00,2024-06-07,"a","1",FALSE,FALSE,FALSE,1460,NA,NA,NA,"","shade","summer",34.69759,-120.04996,2024-06-07 19:21:00,"evening",1460,3,4,2,1,TRUE,7,-1,-0.279584862219161,21.62,62.54,145.2,28.6,0.14,14.1571650346246,-0.52,1.44,-43.3,0,0,-0.130260446337148,TRUE,TRUE,TRUE,TRUE
"57",2024-06-07 19:45:00,57,"3","SO",2025-09-02 19:38:00,2024-06-07,"a","1",FALSE,FALSE,FALSE,1140,NA,NA,NA,"","control","summer",34.69747,-120.04981,2024-06-07 19:38:00,"evening",1140,120,110,4,4,FALSE,230,10,0.0869356853573036,20.2,53.26,66.62,28.61,0.14,10.3831848731782,-0.830000000000002,-11.27,-40.08,0.00999999999999801,0,-3.69955844648461,TRUE,TRUE,TRUE,TRUE
"58",2024-06-07 20:00:00,58,"5","SO",2025-09-02 19:58:00,2024-06-07,"a","1",FALSE,FALSE,FALSE,410,NA,NA,NA,"mound activity, seeds moving out","water","summer",34.69725,-120.04968,2024-06-07 19:58:00,"evening",410,0,0,0,0,FALSE,0,0,NA,19.23,70.11,26.8,28.65,0.14,13.6459614499374,-0.969999999999999,16.85,-39.82,0.0399999999999991,0,3.26277657675922,TRUE,FALSE,FALSE,FALSE
"59",2024-06-07 20:15:00,59,"6","SO",2025-09-02 20:11:00,2024-06-07,"a","1",FALSE,FALSE,FALSE,30,NA,NA,NA,"","control","summer",34.69735,-120.04949,2024-06-07 20:11:00,"evening",30,8,25,3,3,FALSE,33,-17,-1.13100378445935,17.98,74.84,8.89,28.84,0.14,13.4478179771569,-1.25,4.73,-17.91,0.190000000000001,0,-0.198143472780488,TRUE,TRUE,TRUE,FALSE
"60",2024-06-07 20:30:00,60,"4","SO",2025-09-02 20:29:00,2024-06-07,"a","2",FALSE,FALSE,FALSE,0,0,NA,NA,"","shade","summer",34.69728,-120.04974,2024-06-07 20:29:00,"evening",0,62,9,3,2,TRUE,71,53,1.92047157541663,17.13,77.05,2.74,28.9,0.14,13.0721404828391,-0.850000000000001,2.20999999999999,-6.15,0.0599999999999987,0,-0.375677494317895,TRUE,TRUE,TRUE,FALSE
"61",2024-06-08 06:15:00,61,"5","SO",2025-09-02 06:18:00,2024-06-08,"a","1",FALSE,FALSE,FALSE,1260,NA,NA,NA,"light mound activity","water","summer",34.69725,-120.04968,2024-06-08 06:18:00,"morning",1260,0,0,0,0,FALSE,0,0,NA,11.19,99.4,3.549,26.7,0.134,11.0991755962286,0.0299999999999994,0,2.418,0,-0.001,0.0299785766587348,TRUE,FALSE,FALSE,FALSE
"62",2024-06-08 06:15:00,62,"6","SO",2025-09-02 06:22:00,2024-06-08,"a","1",FALSE,FALSE,FALSE,3150,NA,NA,NA,"","control","summer",34.69735,-120.04949,2024-06-08 06:22:00,"morning",3150,17,17,3,2,TRUE,34,0,0,11.19,99.4,3.549,26.7,0.134,11.0991755962286,0.0299999999999994,0,2.418,0,-0.001,0.0299785766587348,TRUE,TRUE,TRUE,TRUE
"63",2024-06-08 06:30:00,63,"4","SO",2025-09-02 06:36:00,2024-06-08,"a","2",FALSE,TRUE,FALSE,720,2700,NA,NA,"","shade","summer",34.69728,-120.04974,2024-06-08 06:36:00,"morning",1710,62,81,5,4,TRUE,143,-19,-0.266936972181934,11.13,99.4,11.91,26.58,0.134,11.0392184403851,-0.0599999999999987,0,8.361,-0.120000000000001,0,-0.0599571558434935,TRUE,TRUE,TRUE,TRUE
"64",2024-06-08 07:00:00,64,"8","SO",2025-09-02 07:05:00,2024-06-08,"a","1",FALSE,TRUE,FALSE,6160,NA,NA,NA,"","water","summer",34.69715,-120.04919,2024-06-08 07:05:00,"morning",6160,20,29,2,2,FALSE,49,-9,-0.370018359112417,11.14,99.5,37.36,26.4,0.134,11.0643762318558,-0.109999999999999,0,12.39,0,0,-0.109934561663113,TRUE,TRUE,TRUE,TRUE
"65",2024-06-08 07:15:00,65,"9","SO",2025-09-02 07:18:00,2024-06-08,"a","1",TRUE,TRUE,FALSE,6340,NA,NA,NA,"","control","summer",34.69692,-120.04934,2024-06-08 07:18:00,"morning",6340,23,12,2,2,FALSE,35,11,0.646627164925052,11.42,99.5,47.33,26.4,0.134,11.3442096058956,0.279999999999999,0,9.97,0,0,0.279833374039793,TRUE,TRUE,TRUE,TRUE
"66",2024-06-08 07:30:00,66,"7","SO",2025-09-02 07:32:00,2024-06-08,"a","3",FALSE,FALSE,FALSE,1900,1630,NA,NA,"","shade","summer",34.69727,-120.04945,2024-06-08 07:32:00,"morning",1765,46,82,4,3,TRUE,128,-36,-0.57712506645578,11.43,99.6,50.81,26.39,0.134,11.3693897295445,0.00999999999999979,0.0999999999999943,3.48,-0.00999999999999801,0,0.0251801236489477,TRUE,TRUE,TRUE,TRUE
"67",2024-06-08 08:00:00,67,"11","SO",2025-09-02 08:00:00,2024-06-08,"a","1",FALSE,FALSE,FALSE,9570,NA,NA,NA,"","water","summer",34.69695,-120.04874,2024-06-08 08:00:00,"morning",9570,3,11,2,1,TRUE,14,-8,-1.27554299682719,11.76,99.6,93,26.2,0.134,11.6992324954704,0.17,0.299999999999997,27.5,-0.0899999999999999,0,0.215574922001709,TRUE,TRUE,TRUE,FALSE
"68",2024-06-08 08:15:00,68,"14","SO",2025-09-02 08:20:00,2024-06-08,"a","2",FALSE,TRUE,FALSE,7250,3290,NA,NA,"mound activity, seeds going out","control","summer",34.69664,-120.04864,2024-06-08 08:20:00,"morning",5270,68,38,1,1,FALSE,106,30,0.580762931022811,12.01,99.6,119.3,26.2,0.134,11.9491132431784,0.25,0,26.3,0,0,0.249880747708028,TRUE,TRUE,TRUE,TRUE
"69",2024-06-08 08:45:00,69,"10","SO",2025-09-02 08:45:00,2024-06-08,"a","1",FALSE,FALSE,FALSE,3360,NA,NA,NA,"","shade","summer",34.69697,-120.04914,2024-06-08 08:45:00,"morning",3360,23,35,3,3,FALSE,58,-12,-0.418368512944072,12.47,99.6,120.7,26.2,0.134,12.4088935136037,0.17,0,-1.89999999999999,0,0,0.169918749498521,TRUE,TRUE,TRUE,TRUE
"70",2024-06-08 17:30:00,70,"11","SO",2025-09-02 17:27:00,2024-06-08,"a","3",FALSE,FALSE,FALSE,9950,12900,NA,NA,"","water","summer",34.69695,-120.04874,2024-06-08 17:27:00,"evening",11425,32,30,4,3,TRUE,62,2,0.0643308583811401,20.01,65.61,328.9,27.66,0.138,13.3702382766428,-1.37,2.77,-83.1,0.16,0,-0.634095533859556,TRUE,TRUE,TRUE,TRUE
"71",2024-06-08 17:45:00,71,"14","SO",2025-09-02 17:50:00,2024-06-08,"a","2",FALSE,FALSE,FALSE,2170,3870,NA,NA,"","control","summer",34.69664,-120.04864,2024-06-08 17:50:00,"evening",3020,34,17,2,2,FALSE,51,17,0.690218920780857,19.36,67.43,279.2,27.8,0.138,13.1714581444936,-0.650000000000002,1.82000000000001,-49.7,0.140000000000001,0,-0.198780132149199,TRUE,TRUE,TRUE,TRUE
"72",2024-06-08 18:15:00,72,"10","SO",2025-09-02 18:12:00,2024-06-08,"a","1",FALSE,TRUE,FALSE,1170,NA,NA,NA,"","shade","summer",34.69697,-120.04914,2024-06-08 18:12:00,"evening",1170,67,68,4,4,FALSE,135,-1,-0.0147931691778306,17.67,73.16,87.6,27.8,0.136,12.8008877598792,-0.799999999999997,2.81999999999999,-57.4,0,-0.001,-0.167167890082588,TRUE,TRUE,TRUE,TRUE
"73",2024-06-08 18:45:00,73,"16","SO",2025-09-02 18:38:00,2024-06-08,"a","2",FALSE,FALSE,FALSE,3280,3030,NA,NA,"","water","summer",34.69645,-120.04852,2024-06-08 18:38:00,"evening",3155,14,20,2,2,FALSE,34,-6,-0.354545017680908,16.03,78.48,71.07,28,0.135,12.2858253498047,-0.59,1.94,-5.98,0.0599999999999987,0,-0.190760214870847,TRUE,TRUE,TRUE,TRUE
"74",2024-06-08 19:00:00,74,"27","SO",2025-09-02 18:57:00,2024-06-08,"a","2",FALSE,FALSE,FALSE,3530,2660,NA,NA,"","control","summer",34.69715,-120.04846,2024-06-08 18:57:00,"evening",3095,40,47,3,3,FALSE,87,-7,-0.160896666709849,15.13,81.5,50.31,28,0.135,11.9839411997315,-0.9,3.02,-20.76,0,0,-0.301884150073185,TRUE,TRUE,TRUE,TRUE
"75",2024-06-08 19:15:00,75,"15","SO",2025-09-02 19:14:00,2024-06-08,"a","2",FALSE,FALSE,FALSE,770,720,NA,NA,"","shade","summer",34.69665,-120.04845,2024-06-08 19:14:00,"evening",745,86,87,3,3,FALSE,173,-1,-0.011547472424772,14.31,84.3,44.72,28,0.136,11.6947375577573,-0.82,2.8,-5.59,0,0.001,-0.289203641974225,TRUE,TRUE,TRUE,TRUE
"76",2024-06-08 19:45:00,76,"2","SO",2025-09-02 19:38:00,2024-06-08,"a","1",FALSE,FALSE,FALSE,1130,NA,NA,NA,"","water","summer",34.69756,-120.04981,2024-06-08 19:38:00,"evening",1130,10,14,3,2,TRUE,24,-4,-0.333639373536909,13.42,88,40.03,28,0.135,11.4709824065787,-0.279999999999999,1.3,-1.7,0,0,-0.0502815587665992,TRUE,TRUE,TRUE,TRUE
"77",2024-06-08 20:00:00,77,"3","SO",2025-09-02 19:58:00,2024-06-08,"a","1",FALSE,FALSE,FALSE,310,NA,NA,NA,"mound activity, seeds going out","control","summer",34.69747,-120.04981,2024-06-08 19:58:00,"evening",310,43,46,2,2,FALSE,89,-3,-0.0672899528929007,13.12,89.2,32.11,28,0.135,11.3801437978066,-0.300000000000001,1.2,-7.92,0,0,-0.0908386087720459,TRUE,TRUE,TRUE,TRUE
"78",2024-06-08 20:15:00,78,"1","SO",2025-09-02 20:14:00,2024-06-08,"a","1",FALSE,FALSE,FALSE,30,NA,NA,NA,"","shade","summer",34.69759,-120.04996,2024-06-08 20:14:00,"evening",30,26,38,2,2,FALSE,64,-12,-0.378278967804008,12.83,90.2,18.36,28,0.135,11.2623617181138,-0.289999999999999,1,-13.75,0,0,-0.117782079692789,TRUE,TRUE,TRUE,TRUE
"79",2024-06-09 06:45:00,79,"3","SO",2025-09-02 06:46:00,2024-06-09,"a","1",TRUE,TRUE,FALSE,2580,NA,NA,NA,"","control","summer",34.69747,-120.04981,2024-06-09 06:46:00,"morning",2580,24,24,2,2,FALSE,48,0,0,11.81,98.3,10.32,25.9,0.134,11.5501401253491,0.0600000000000005,0,4.582,-0.0300000000000011,0,0.0598777561302626,TRUE,TRUE,TRUE,TRUE
"80",2024-06-09 07:00:00,80,"1","SO",2025-09-02 07:00:00,2024-06-09,"a","1",FALSE,TRUE,FALSE,660,NA,NA,NA,"","shade","summer",34.69759,-120.04996,2024-06-09 07:00:00,"morning",660,32,21,3,3,FALSE,53,11,0.419582989653949,11.7,98.4,17.58,25.9,0.134,11.4557460076215,-0.110000000000001,0.100000000000009,7.26,0,0,-0.0943941177276173,TRUE,TRUE,TRUE,TRUE
"81",2024-06-09 07:30:00,81,"2","SO",2025-09-02 07:24:00,2024-06-09,"a","1",FALSE,TRUE,FALSE,6060,NA,NA,NA,"","water","summer",34.69756,-120.04981,2024-06-09 07:24:00,"morning",6060,10,13,2,2,FALSE,23,-3,-0.260076806359892,11.8,98.5,38.82,25.86,0.135,11.5709344305617,0.0500000000000007,0,12.02,-0.0399999999999991,0,0.0499101913429065,TRUE,TRUE,TRUE,TRUE
"82",2024-06-09 07:45:00,82,"6","SO",2025-09-02 07:43:00,2024-06-09,"a","1",FALSE,TRUE,FALSE,16900,NA,NA,NA,"","control","summer",34.69735,-120.04949,2024-06-09 07:43:00,"morning",16900,15,29,2,2,FALSE,44,-14,-0.656043430356568,11.96,98.5,63.85,25.63,0.135,11.7306469246338,0.16,0,25.03,-0.23,0,0.159712494072048,TRUE,TRUE,TRUE,TRUE
"83",2024-06-09 08:00:00,83,"4","SO",2025-09-02 07:59:00,2024-06-09,"a","2",FALSE,FALSE,FALSE,11000,4530,NA,NA,"ent 1 may be 2 in other obs","shade","summer",34.69728,-120.04974,2024-06-09 07:59:00,"morning",7765,45,90,4,4,FALSE,135,-45,-0.69203791810566,12.27,98.4,88.9,25.6,0.134,12.0246525811629,0.309999999999999,-0.0999999999999943,25.05,-0.0299999999999976,-0.001,0.294005656529094,TRUE,TRUE,TRUE,TRUE
"84",2024-06-09 08:30:00,84,"5","SO",2025-09-02 08:23:00,2024-06-09,"a","1",FALSE,FALSE,FALSE,19100,NA,NA,NA,"","water","summer",34.69725,-120.04968,2024-06-09 08:23:00,"morning",19100,1,2,1,1,FALSE,3,-1,-0.646627164925052,13.18,93.5,148.6,25.6,0.135,12.1535126877386,0.42,-3.8,0.799999999999983,0,0.001,-0.188820072939093,TRUE,TRUE,TRUE,TRUE
"85",2024-06-09 08:30:00,85,"9","SO",2025-09-02 08:34:00,2024-06-09,"a","1",FALSE,FALSE,FALSE,26300,NA,NA,NA,"see voice memo","control","summer",34.69692,-120.04934,2024-06-09 08:34:00,"morning",26300,31,42,3,3,FALSE,73,-11,-0.302839921503147,13.18,93.5,148.6,25.6,0.135,12.1535126877386,0.42,-3.8,0.799999999999983,0,0.001,-0.188820072939093,TRUE,TRUE,TRUE,TRUE
"86",2024-06-09 09:00:00,86,"7","SO",2025-09-02 08:58:00,2024-06-09,"a","3",FALSE,FALSE,FALSE,9850,8520,9080,NA,"","shade","summer",34.69727,-120.04945,2024-06-09 08:58:00,"morning",9150,18,35,4,4,FALSE,53,-17,-0.66228919220004,14.97,85.8,269.7,25.6,0.136,12.6103520713141,0.98,-4.3,25,0,0,0.21909475099968,TRUE,TRUE,TRUE,TRUE
"87",2024-06-09 09:15:00,87,"8","SO",2025-09-02 09:19:00,2024-06-09,"a","1",FALSE,FALSE,FALSE,59700,NA,NA,NA,"","water","summer",34.69715,-120.04919,2024-06-09 09:19:00,"morning",59700,8,83,2,2,FALSE,91,-75,-2.32818064018301,15.32,83.5,256.3,25.6,0.136,12.5387105146861,0.35,-2.3,-13.4,0,0,-0.0716415566280268,TRUE,TRUE,TRUE,FALSE
"88",2024-06-09 18:00:00,88,"9","SO",2025-09-02 18:02:00,2024-06-09,"a","1",FALSE,FALSE,FALSE,15030,NA,NA,NA,"","control","summer",34.69692,-120.04934,2024-06-09 18:02:00,"evening",15030,50,25,1,1,FALSE,75,25,0.691153161953081,23.47,50.66,345.8,27.71,0.136,12.6459372229727,0.0700000000000003,-0.170000000000002,-1.59999999999997,0.190000000000001,0,0.0132892039468242,TRUE,TRUE,TRUE,TRUE
"89",2024-06-09 18:15:00,89,"7","SO",2025-09-02 18:16:00,2024-06-09,"a","3",FALSE,TRUE,FALSE,13820,13320,3200,NA,"","shade","summer",34.69727,-120.04945,2024-06-09 18:16:00,"evening",10113.3333333333,149,104,4,4,FALSE,253,45,0.35926524614977,22.31,53.7,307.2,27.8,0.136,12.463605748006,-1.16,3.04000000000001,-38.6,0.0899999999999999,0,-0.182331474966675,TRUE,TRUE,TRUE,TRUE
"90",2024-06-09 18:45:00,90,"8","SO",2025-09-02 18:41:00,2024-06-09,"a","1",FALSE,TRUE,FALSE,6620,NA,NA,NA,"","water","summer",34.69715,-120.04919,2024-06-09 18:41:00,"evening",6620,30,33,1,1,FALSE,63,-3,-0.0950081106281872,21.21,55.65,204.6,27.8,0.136,11.9842748785223,-1.04,1.6,-33.4,0,0,-0.522759952413574,TRUE,TRUE,TRUE,TRUE
"91",2024-06-09 19:00:00,91,"14","SO",2025-09-02 19:01:00,2024-06-09,"a","2",FALSE,FALSE,FALSE,1320,2310,NA,NA,"","control","summer",34.69664,-120.04864,2024-06-09 19:01:00,"evening",1815,75,45,2,2,FALSE,120,30,0.509938312261456,20.39,58.17,181.4,27.92,0.136,11.8909822217034,-0.82,2.52,-23.2,0.120000000000001,0,-0.0932926568188677,TRUE,TRUE,TRUE,TRUE
"92",2024-06-09 19:30:00,92,"10","SO",2025-09-02 19:26:00,2024-06-09,"a","1",FALSE,FALSE,FALSE,560,NA,NA,NA,"","shade","summer",34.69697,-120.04914,2024-06-09 19:26:00,"evening",560,66,59,2,2,FALSE,125,7,0.111937822445588,19.19,62.52,101.8,28,0.136,11.8567858289575,-0.579999999999998,2.09,-39.4,0,0,-0.0308013314620741,TRUE,TRUE,TRUE,TRUE
"93",2024-06-09 19:45:00,93,"11","SO",2025-09-02 19:47:00,2024-06-09,"a","3",FALSE,TRUE,FALSE,280,230,280,NA,"","water","summer",34.69695,-120.04874,2024-06-09 19:47:00,"evening",263.333333333333,21,13,3,2,TRUE,34,8,0.476660810274915,18.29,50.83,64.11,28,0.136,7.9235460109244,-0.900000000000002,-11.69,-37.69,0,0,-3.93323981803309,TRUE,TRUE,TRUE,TRUE
"94",2024-06-09 20:15:00,94,"27","SO",2025-09-02 20:21:00,2024-06-09,"a","2",FALSE,FALSE,FALSE,7,5,NA,NA,"","control","summer",34.69715,-120.04846,2024-06-09 20:21:00,"evening",6,21,24,2,2,FALSE,45,-3,-0.132938800014588,16.44,73.14,10.14,28,0.137,11.6121428566865,-1,4.48999999999999,-17.99,0,0,0.000209639622166691,TRUE,TRUE,TRUE,TRUE
"95",2024-06-09 20:45:00,95,"15","SO",2025-09-02 20:38:00,2024-06-09,"a","2",FALSE,FALSE,FALSE,0,0,NA,NA,"","shade","summer",34.69665,-120.04845,2024-06-09 20:38:00,"evening",0,27,63,3,3,FALSE,90,-36,-0.845187041661512,14.8,79.97,0.613,28,0.136,11.3750714495848,-0.85,3.33,-3.029,0,-0.001,-0.181925800470369,TRUE,TRUE,TRUE,TRUE
"96",2024-06-09 21:00:00,96,"16","SO",2025-09-02 20:58:00,2024-06-09,"a","1",FALSE,FALSE,FALSE,0,NA,NA,NA,"mound activity","water","summer",34.69645,-120.04852,2024-06-09 20:58:00,"evening",0,0,0,0,0,FALSE,0,0,NA,14.05,82.6,0,28,0.137,11.1321928034371,-0.75,2.63,-0.613,0,0.001,-0.242878646147728,TRUE,FALSE,FALSE,FALSE
"97",2024-06-21 18:00:00,117,"20","SO",2025-09-02 18:02:00,2024-06-21,"a","3",FALSE,TRUE,FALSE,2480,1460,1960,NA,"","shade","summer",34.69757,-120.04898,2024-06-21 18:02:00,"evening",1966.66666666667,110,48,3,2,TRUE,158,62,0.828106866616919,27.28,39.44,369,27.8,0.129,12.2808284862947,-0.82,2.59999999999999,-44.6,0.0700000000000003,0.002,0.308720437915399,TRUE,TRUE,TRUE,TRUE
"98",2024-06-21 18:45:00,118,"29","SO",2025-09-02 18:44:00,2024-06-21,"a","2",FALSE,TRUE,FALSE,1940,3040,NA,NA,"","water","summer",34.69754,-120.04885,2024-06-21 18:44:00,"evening",2490,47,54,2,2,FALSE,101,-7,-0.138561184830064,25.42,43.03,232.3,28,0.129,11.9369671070559,-0.809999999999999,2.08,-46.1,0.0100000000000016,-0.001,0.0239004212465126,TRUE,TRUE,TRUE,TRUE
"99",2024-06-21 19:15:00,119,"19","SO",2025-09-02 19:09:00,2024-06-21,"a","1",FALSE,FALSE,FALSE,3970,NA,NA,NA,"","control","summer",34.69765,-120.04902,2024-06-21 19:09:00,"evening",3970,43,44,2,2,FALSE,87,-1,-0.0229367853430982,23.53,49,147.1,28.27,0.129,12.1931905498937,-0.68,1.96,-41.5,0.25,0,-0.000646834017276277,TRUE,TRUE,TRUE,TRUE
"100",2024-06-21 19:30:00,120,"39","SO",2025-09-02 19:24:00,2024-06-21,"a","1",FALSE,FALSE,FALSE,760,NA,NA,NA,"","shade","summer",34.69781,-120.04895,2024-06-21 19:24:00,"evening",760,0,0,0,0,FALSE,0,0,NA,23.06,50.15,108.9,28.3,0.129,12.1145689713538,-0.470000000000002,1.15,-38.2,0.0300000000000011,0,-0.0786215785398312,TRUE,FALSE,FALSE,FALSE
"101",2024-06-21 19:45:00,121,"40","SO",2025-09-02 19:43:00,2024-06-21,"a","2",FALSE,FALSE,FALSE,830,560,NA,NA,"","water","summer",34.69779,-120.04892,2024-06-21 19:43:00,"evening",695,23,10,2,2,FALSE,33,13,0.827297193680534,22.17,36.84,65.67,28.3,0.13,6.71955647866004,-0.889999999999997,-13.31,-43.23,0,0.001,-5.39501249269379,TRUE,TRUE,TRUE,TRUE
"102",2024-06-21 20:00:00,122,"41","SO",2025-09-02 20:07:00,2024-06-21,"a","2",FALSE,FALSE,FALSE,100,110,NA,NA,"","control","summer",34.69779,-120.04885,2024-06-21 20:07:00,"evening",105,18,40,3,3,FALSE,58,-22,-0.795464396040743,20.92,56.09,36.86,28.3,0.131,11.8335997283905,-1.25,19.25,-28.81,0,0.001,5.11404324973048,TRUE,TRUE,TRUE,TRUE
"103",2024-06-22 06:30:00,123,"38","SO",2025-09-02 06:23:00,2024-06-22,"a","1",TRUE,FALSE,FALSE,520,NA,NA,NA,"","shade","summer",34.69788,-120.04902,2024-06-22 06:23:00,"morning",520,27,7,2,2,FALSE,34,20,1.33943894383839,11.12,95.9,12.93,26.36,0.128,10.4898756117892,0.479999999999999,-0.199999999999989,4.948,-0.0399999999999991,0.002,0.446459881571764,TRUE,TRUE,TRUE,FALSE
"104",2024-06-22 06:45:00,124,"37","SO",2025-09-02 06:43:00,2024-06-22,"a","1",TRUE,FALSE,FALSE,2350,NA,NA,NA,"","water","summer",34.6979,-120.04908,2024-06-22 06:43:00,"morning",2350,0,0,0,0,FALSE,0,0,NA,11.9,94.5,52.16,26.21,0.128,11.0440455738255,0.780000000000001,-1.40000000000001,39.23,-0.149999999999999,0,0.554169962036353,TRUE,FALSE,FALSE,FALSE
"105",2024-06-22 06:45:00,125,"35","SO",2025-09-02 06:52:00,2024-06-22,"a","1",TRUE,TRUE,FALSE,6530,NA,NA,NA,"flying females","control","summer",34.69787,-120.0492,2024-06-22 06:52:00,"morning",6530,16,7,1,1,FALSE,23,9,0.818724487943148,11.9,94.5,52.16,26.21,0.128,11.0440455738255,0.780000000000001,-1.40000000000001,39.23,-0.149999999999999,0,0.554169962036353,TRUE,TRUE,TRUE,TRUE
"106",2024-06-22 07:00:00,126,"31","SO",2025-09-02 07:07:00,2024-06-22,"a","1",FALSE,TRUE,FALSE,3390,NA,NA,NA,"flying females","shade","summer",34.69729,-120.04858,2024-06-22 07:07:00,"morning",3390,0,0,1,0,TRUE,0,0,0,14.25,87.8,98.7,26.2,0.128,12.2537548127234,2.35,-6.7,46.54,-0.0100000000000016,0,1.20970923889788,TRUE,TRUE,FALSE,TRUE
"107",2024-06-22 07:30:00,127,"28","SO",2025-09-02 07:24:00,2024-06-22,"a","3",TRUE,TRUE,FALSE,10550,9220,10200,NA,"both flying","water","summer",34.69722,-120.04857,2024-06-22 07:24:00,"morning",9990,22,5,1,1,FALSE,27,17,1.46633706879343,19.05,67.08,180.5,26.11,0.128,12.7963072255596,2.06,-9.5,40.3,-0.0899999999999999,0,-0.0465502133158928,TRUE,TRUE,TRUE,FALSE
"108",2024-06-22 07:45:00,128,"30","SO",2025-09-02 07:43:00,2024-06-22,"a","2",FALSE,FALSE,FALSE,10500,24400,NA,NA,"","control","summer",34.6973,-120.04863,2024-06-22 07:43:00,"morning",17450,29,12,2,2,FALSE,41,17,0.877532721574751,20.95,96.7,222.7,25.93,0.128,20.4048771081917,1.9,29.62,42.2,-0.18,0,7.60856988263212,TRUE,TRUE,TRUE,TRUE
"109",2024-06-22 08:00:00,129,"23","SO",2025-09-02 08:04:00,2024-06-22,"a","3",FALSE,FALSE,FALSE,14110,24070,13700,NA,"","shade","summer",34.69705,-120.04848,2024-06-22 08:04:00,"morning",17293.3333333333,37,84,3,3,FALSE,121,-47,-0.818389597365513,22.03,58.28,267,25.9,0.128,13.4556192163039,1.08,-38.42,44.3,-0.0300000000000011,0,-6.94925789188789,TRUE,TRUE,TRUE,TRUE
"110",2024-06-22 08:30:00,130,"22","SO",2025-09-02 08:24:00,2024-06-22,"a","2",TRUE,TRUE,FALSE,22120,16640,NA,NA,"","water","summer",34.69709,-120.04851,2024-06-22 08:24:00,"morning",19380,10,38,3,2,TRUE,48,-28,-1.32767885828544,24.9,48.47,358.7,25.87,0.129,13.2818914363352,1.51,-4.17,45.9,-0.0299999999999976,0,0.123112634310528,TRUE,TRUE,TRUE,FALSE
"111",2024-06-22 08:45:00,131,"21","SO",2025-09-02 08:40:00,2024-06-22,"a","2",FALSE,FALSE,FALSE,89260,70450,NA,NA,"","control","summer",34.69699,-120.04851,2024-06-22 08:40:00,"morning",79855,25,123,3,3,FALSE,148,-98,-1.59012918705267,26.6,43.89,404.1,25.61,0.129,13.3046047569766,1.7,-4.58,45.4,-0.260000000000002,0,0.0227133206413086,TRUE,TRUE,TRUE,FALSE
"112",2024-06-22 18:00:00,132,"23","SO",2025-09-02 17:53:00,2024-06-22,"a","3",FALSE,FALSE,FALSE,2570,17920,15460,NA,"trail under shade","shade","summer",34.69705,-120.04848,2024-06-22 17:53:00,"evening",11983.3333333333,66,15,1,1,FALSE,81,51,1.47647400303676,32.47,33.07,373.1,28.9,0.131,14.1551542738703,-0.579999999999998,0.910000000000004,-42.9,0.129999999999999,0,-0.0732879733591467,TRUE,TRUE,TRUE,FALSE
"113",2024-06-22 18:00:00,133,"22","SO",2025-09-02 18:07:00,2024-06-22,"a","2",FALSE,FALSE,FALSE,13180,20700,NA,NA,"mound activity, seeds moving out","water","summer",34.69709,-120.04851,2024-06-22 18:07:00,"evening",16940,42,12,2,2,FALSE,54,30,1.24684228808564,32.47,33.07,373.1,28.9,0.131,14.1551542738703,-0.579999999999998,0.910000000000004,-42.9,0.129999999999999,0,-0.0732879733591467,TRUE,TRUE,TRUE,FALSE
"114",2024-06-22 18:30:00,134,"21","SO",2025-09-02 18:24:00,2024-06-22,"a","2",FALSE,FALSE,FALSE,18800,33950,NA,NA,"","control","summer",34.69699,-120.04851,2024-06-22 18:24:00,"evening",26375,213,43,2,2,FALSE,256,170,1.59823854199487,31.39,34.83,283.7,29.19,0.13,14.0115054111032,-0.43,0.75,-45.2,0.260000000000002,0,-0.0407179830546003,TRUE,TRUE,TRUE,FALSE
"115",2024-06-22 18:45:00,135,"20","SO",2025-09-02 18:40:00,2024-06-22,"a","2",FALSE,FALSE,FALSE,1670,1200,NA,NA,"","shade","summer",34.69757,-120.04898,2024-06-22 18:40:00,"evening",1435,119,29,2,2,FALSE,148,90,1.40922530218381,31.03,35.36,238.6,29.2,0.13,13.928345589214,-0.359999999999999,0.530000000000001,-45.1,0.00999999999999801,0,-0.0831598218891134,TRUE,TRUE,TRUE,FALSE
"116",2024-06-22 19:00:00,136,"29","SO",2025-09-02 19:05:00,2024-06-22,"a","2",FALSE,FALSE,FALSE,1540,1780,NA,NA,"","water","summer",34.69754,-120.04885,2024-06-22 19:05:00,"evening",1660,38,35,3,3,FALSE,73,3,0.0820131516608351,30.49,35.93,195.6,29.37,0.13,13.699536488536,-0.540000000000003,0.57,-43,0.170000000000002,0,-0.22880910067804,TRUE,TRUE,TRUE,TRUE
"117",2024-06-22 19:30:00,137,"19","SO",2025-09-02 19:36:00,2024-06-22,"a","1",FALSE,FALSE,FALSE,2200,NA,NA,NA,"","control","summer",34.69765,-120.04902,2024-06-22 19:36:00,"evening",2200,66,60,2,2,FALSE,126,6,0.0951589053164786,29.27,38.39,116.3,29.5,0.129,13.6395178241824,-0.77,1.7,-38.2,0,0,0.0147979897377564,TRUE,TRUE,TRUE,TRUE
"118",2024-06-22 19:45:00,138,"39","SO",2025-09-02 19:50:00,2024-06-22,"a","1",FALSE,FALSE,FALSE,210,NA,NA,NA,"","shade","summer",34.69781,-120.04895,2024-06-22 19:50:00,"evening",210,0,0,1,0,TRUE,0,0,0,28.4,32.16,78.59,29.5,0.13,10.1860199300904,-0.870000000000001,-6.23,-37.71,0,0.001,-3.45349789409203,TRUE,TRUE,FALSE,TRUE
"119",2024-06-22 20:00:00,139,"40","SO",2025-09-02 20:07:00,2024-06-22,"a","2",FALSE,FALSE,FALSE,130,90,NA,NA,"","water","summer",34.69779,-120.04892,2024-06-22 20:07:00,"evening",110,36,45,3,3,FALSE,81,-9,-0.222589381169797,27.47,42.35,39.74,29.51,0.131,13.5403837773586,-0.93,10.19,-38.85,0.0100000000000016,0.001,3.35436384726824,TRUE,TRUE,TRUE,TRUE
"120",2024-06-22 20:30:00,140,"41","SO",2025-09-02 20:26:00,2024-06-22,"a","2",FALSE,FALSE,FALSE,50,50,NA,NA,"","control","summer",34.69779,-120.04885,2024-06-22 20:26:00,"evening",50,4,9,1,1,FALSE,13,-5,-0.797287439812542,23.99,51.45,4.968,29.8,0.131,13.3619314104447,-1.6,4.75,-5.762,0.0500000000000007,-0.001,0.0210834749207205,TRUE,TRUE,TRUE,TRUE
"121",2024-06-23 06:00:00,141,"40","SO",2025-09-02 05:55:00,2024-06-23,"a","2",TRUE,FALSE,FALSE,690,440,NA,NA,"light mound activity","water","summer",34.69779,-120.04892,2024-06-23 05:55:00,"morning",565,0,0,0,0,FALSE,0,0,NA,14.61,73.01,3.044,27.8,0.128,9.82278229265644,0.24,-1.69,2.505,0,0,-0.110443433527594,TRUE,FALSE,FALSE,FALSE
"122",2024-06-23 06:00:00,142,"41","SO",2025-09-02 06:00:00,2024-06-23,"a","2",FALSE,FALSE,FALSE,1130,1300,NA,NA,"","control","summer",34.69779,-120.04885,2024-06-23 06:00:00,"morning",1215,52,26,3,3,FALSE,78,26,0.691229634430674,14.61,73.01,3.044,27.8,0.128,9.82278229265644,0.24,-1.69,2.505,0,0,-0.110443433527594,TRUE,TRUE,TRUE,TRUE
"123",2024-06-23 06:15:00,143,"39","SO",2025-09-02 06:17:00,2024-06-23,"a","1",FALSE,FALSE,FALSE,750,NA,NA,NA,"","shade","summer",34.69781,-120.04895,2024-06-23 06:17:00,"morning",750,0,0,0,0,FALSE,0,0,NA,14.72,72.46,7.233,27.8,0.127,9.81575104258932,0.110000000000001,-0.550000000000011,4.189,0,-0.001,-0.00703125006712213,TRUE,FALSE,FALSE,FALSE
"124",2024-06-23 06:30:00,144,"37","SO",2025-09-02 06:30:00,2024-06-23,"a","2",TRUE,TRUE,FALSE,2070,NA,NA,NA,"","water","summer",34.6979,-120.04908,2024-06-23 06:30:00,"morning",2070,50,6,2,2,FALSE,56,44,2.10573223691155,15.56,67.65,11.58,27.61,0.126,9.59584850482172,0.84,-4.80999999999999,4.347,-0.190000000000001,-0.001,-0.2199025377676,TRUE,TRUE,TRUE,FALSE
"125",2024-06-23 07:00:00,145,"35","SO",2025-09-02 06:57:00,2024-06-23,"a","1",FALSE,FALSE,FALSE,6340,NA,NA,NA,"","control","summer",34.69787,-120.0492,2024-06-23 06:57:00,"morning",6340,29,5,1,1,FALSE,34,24,1.74149763444717,18.54,60.56,99.4,27.5,0.128,10.762408986764,2.41,-6.66,51.19,0,0.001,0.71800830074843,TRUE,TRUE,TRUE,FALSE
"126",2024-06-23 07:15:00,146,"38","SO",2025-09-02 07:13:00,2024-06-23,"a","1",FALSE,FALSE,FALSE,2810,NA,NA,NA,"workers climbing near ent","shade","summer",34.69788,-120.04902,2024-06-23 07:13:00,"morning",2810,17,7,1,1,FALSE,24,10,0.878983679461345,21.42,52.38,136,27.48,0.129,11.261795686659,2.88,-8.18,36.6,-0.0199999999999996,0.001,0.499386699894991,TRUE,TRUE,TRUE,TRUE
"127",2024-06-23 07:30:00,147,"28","SO",2025-09-02 07:34:00,2024-06-23,"a","3",FALSE,TRUE,FALSE,15310,15600,14360,NA,"females flying","water","summer",34.69722,-120.04857,2024-06-23 07:34:00,"morning",15090,59,69,3,3,FALSE,128,-10,-0.156323806361572,23.44,44.35,175.5,27.28,0.129,10.6033957575441,2.02,-8.03,39.5,-0.199999999999999,0,-0.658399929114896,TRUE,TRUE,TRUE,TRUE
"128",2024-06-23 08:00:00,148,"30","SO",2025-09-02 08:02:00,2024-06-23,"a","2",FALSE,FALSE,FALSE,10550,27420,NA,NA,"","control","summer",34.6973,-120.04863,2024-06-23 08:02:00,"morning",18985,7,36,2,2,FALSE,43,-29,-1.62619808129157,26.52,35.51,258.9,27.2,0.127,10.0227035542302,2.04,-5.63,42.6,0,-0.001,-0.390355867966234,TRUE,TRUE,TRUE,FALSE
"129",2024-06-23 08:15:00,149,"31","SO",2025-09-02 08:20:00,2024-06-23,"a","2",FALSE,TRUE,FALSE,38410,66590,NA,NA,"","shade","summer",34.69729,-120.04858,2024-06-23 08:20:00,"morning",52500,12,74,2,2,FALSE,86,-62,-1.81221007969935,27.85,36.15,302.9,27.2,0.126,11.4645562891073,1.33,0.640000000000001,44,0,-0.001,1.44185273487714,TRUE,TRUE,TRUE,FALSE
"130",2024-06-23 17:45:00,150,"28","SO",2025-09-02 17:48:00,2024-06-23,"a","3",FALSE,FALSE,FALSE,12720,11930,7940,NA,"","water","summer",34.69722,-120.04857,2024-06-23 17:48:00,"evening",10863.3333333333,65,72,5,3,TRUE,137,-7,-0.10212949507638,33.25,28.13,269.9,29.8,0.129,12.3459330885557,-1.81,2.15,-222,0.0800000000000018,-0.001,-0.325577021330357,TRUE,TRUE,TRUE,TRUE
"131",2024-06-23 18:15:00,151,"30","SO",2025-09-02 18:20:00,2024-06-23,"a","2",FALSE,FALSE,FALSE,6090,5700,NA,NA,"","control","summer",34.6973,-120.04863,2024-06-23 18:20:00,"evening",5895,87,45,2,2,FALSE,132,42,0.658174637349824,32.8,28.63,329.3,30.09,0.131,12.2292748844277,-0.100000000000001,-0.130000000000003,-22.4,0.239999999999998,0.002,-0.154665114331218,TRUE,TRUE,TRUE,TRUE
"132",2024-06-23 18:30:00,152,"31","SO",2025-09-02 18:35:00,2024-06-23,"a","2",FALSE,FALSE,FALSE,5210,1810,NA,NA,"","shade","summer",34.69729,-120.04858,2024-06-23 18:35:00,"evening",3510,132,41,2,2,FALSE,173,91,1.16755109002609,32.28,28.81,268.1,30.1,0.132,11.878956783548,-0.519999999999996,0.18,-61.2,0.0100000000000016,0.001,-0.350318100879681,TRUE,TRUE,TRUE,FALSE
"133",2024-06-23 19:00:00,153,"22","SO",2025-09-02 19:02:00,2024-06-23,"a","3",FALSE,FALSE,FALSE,3180,3340,2740,NA,"mound activity, seeds moving out at ent 2","water","summer",34.69709,-120.04851,2024-06-23 19:02:00,"evening",3086.66666666667,35,56,3,3,FALSE,91,-21,-0.46893468205683,31.36,29.19,184,30.27,0.131,11.2878445696293,-0.890000000000001,0.41,-41.3,0.169999999999998,0,-0.549581760481447,TRUE,TRUE,TRUE,TRUE
"134",2024-06-23 19:30:00,154,"21","SO",2025-09-02 19:28:00,2024-06-23,"a","2",FALSE,FALSE,FALSE,3800,3250,NA,NA,"mound activity, seeds moving out","control","summer",34.69699,-120.04851,2024-06-23 19:28:00,"evening",3525,118,79,2,2,FALSE,197,39,0.400818848429708,30.41,30.27,109.5,30.4,0.131,11.0180816305266,-0.530000000000001,0.669999999999998,-36.7,0,0,-0.119222904985003,TRUE,TRUE,TRUE,TRUE
"135",2024-06-23 19:45:00,155,"23","SO",2025-09-02 19:40:00,2024-06-23,"a","2",FALSE,TRUE,FALSE,500,530,NA,NA,"","shade","summer",34.69705,-120.04848,2024-06-23 19:40:00,"evening",515,70,31,2,2,FALSE,101,39,0.812714974855356,29.37,28.13,51.93,30.4,0.131,9.02716170793551,-1.04,-2.14,-57.57,0,0,-1.99091992259111,TRUE,TRUE,TRUE,TRUE
"136",2024-06-23 20:00:00,156,"29","SO",2025-09-02 20:05:00,2024-06-23,"a","3",FALSE,TRUE,FALSE,74,51,57,NA,"","water","summer",34.69754,-120.04885,2024-06-23 20:05:00,"evening",60.6666666666667,33,30,3,3,FALSE,63,3,0.0950081106281872,28.03,33.71,20.69,30.4,0.131,10.5691825144181,-1.34,5.58,-31.24,0,0,1.54202080648255,TRUE,TRUE,TRUE,TRUE
"137",2024-06-23 20:30:00,157,"19","SO",2025-09-02 20:32:00,2024-06-23,"a","1",FALSE,TRUE,FALSE,9,NA,NA,NA,"","control","summer",34.69765,-120.04902,2024-06-23 20:32:00,"evening",9,35,27,1,1,FALSE,62,8,0.258667402586165,26.33,37.39,5.19,30.7,0.131,10.6282908905726,-0.850000000000001,1.82,-6.79,0.0999999999999979,0,-0.0014082064319858,TRUE,TRUE,TRUE,TRUE
"138",2024-06-23 20:45:00,158,"20","SO",2025-09-02 20:41:00,2024-06-23,"a","1",FALSE,FALSE,FALSE,0,NA,NA,NA,"","shade","summer",34.69757,-120.04898,2024-06-23 20:41:00,"evening",0,11,42,3,3,FALSE,53,-31,-1.33310263237005,25.78,38.69,1.171,30.7,0.131,10.6532465046588,-0.549999999999997,1.3,-4.019,0,0,0.0249556140862914,TRUE,TRUE,TRUE,FALSE
"139",2024-06-24 06:00:00,159,"29","SO",2025-09-02 05:58:00,2024-06-24,"a","2",TRUE,TRUE,FALSE,1810,1960,NA,NA,"","water","summer",34.69754,-120.04885,2024-06-24 05:58:00,"morning",1885,25,21,3,3,FALSE,46,4,0.173594805655717,20.3,58.29,3.036,29.04,0.126,11.837960639762,-0.640000000000001,2.01,2.612,-0.16,-0.002,-0.0656172723893835,TRUE,TRUE,TRUE,TRUE
"140",2024-06-24 06:30:00,160,"19","SO",2025-09-02 06:33:00,2024-06-24,"a","1",FALSE,FALSE,FALSE,4400,NA,NA,NA,"","control","summer",34.69765,-120.04902,2024-06-24 06:33:00,"morning",4400,50,49,1,1,FALSE,99,1,0.0201619732903443,20.12,61.76,25.97,28.9,0.127,12.5486628316571,-0.309999999999999,2.55,13.84,0,0,0.350844110240136,TRUE,TRUE,TRUE,TRUE
"141",2024-06-24 06:45:00,161,"20","SO",2025-09-02 06:43:00,2024-06-24,"a","2",FALSE,FALSE,FALSE,4010,7370,NA,NA,"","shade","summer",34.69757,-120.04898,2024-06-24 06:43:00,"morning",5690,38,58,3,3,FALSE,96,-20,-0.42195138172521,21.11,59.72,55.02,28.9,0.127,12.9671815725633,0.989999999999998,-2.04,29.05,0,0,0.418518740906194,TRUE,TRUE,TRUE,TRUE
"142",2024-06-24 07:15:00,162,"40","SO",2025-09-02 07:08:00,2024-06-24,"a","3",FALSE,FALSE,FALSE,19210,13150,18470,NA,"","water","summer",34.69779,-120.04892,2024-06-24 07:08:00,"morning",16943.3333333333,0,0,2,0,TRUE,0,0,0,23.74,49.51,140,28.87,0.127,12.5436014772309,0.609999999999999,-2.27,43.6,-0.0299999999999976,0,-0.122915902021987,TRUE,TRUE,FALSE,TRUE
"143",2024-06-24 07:30:00,163,"41","SO",2025-09-02 07:27:00,2024-06-24,"a","1",FALSE,FALSE,FALSE,17280,NA,NA,NA,"","control","summer",34.69779,-120.04885,2024-06-24 07:27:00,"morning",17280,21,95,4,4,FALSE,116,-74,-1.50565592906932,24.33,49.03,217.6,28.6,0.127,12.9358853745083,0.59,-0.479999999999997,77.6,-0.27,0,0.392283897277457,TRUE,TRUE,TRUE,FALSE
"144",2024-06-24 08:00:00,164,"39","SO",2025-09-02 07:53:00,2024-06-24,"a","1",FALSE,FALSE,FALSE,3250,NA,NA,NA,"mound activity","shade","summer",34.69781,-120.04895,2024-06-24 07:53:00,"morning",3250,0,0,0,0,FALSE,0,0,NA,27.32,42.92,264.8,28.6,0.129,13.6109663945925,1.16,-13.36,-51.7,0,0.001,-3.15816484950746,TRUE,FALSE,FALSE,FALSE
"145",2024-06-24 08:00:00,165,"37","SO",2025-09-02 08:07:00,2024-06-24,"a","2",FALSE,FALSE,FALSE,16320,24720,NA,NA,"","water","summer",34.6979,-120.04908,2024-06-24 08:07:00,"morning",20520,102,78,3,3,FALSE,180,24,0.26796266832498,27.32,42.92,264.8,28.6,0.129,13.6109663945925,1.16,-13.36,-51.7,0,0.001,-3.15816484950746,TRUE,TRUE,TRUE,TRUE
"146",2024-06-24 08:30:00,166,"35","SO",2025-09-02 08:30:00,2024-06-24,"a","1",FALSE,FALSE,FALSE,15560,NA,NA,NA,"mound activity","control","summer",34.69787,-120.0492,2024-06-24 08:30:00,"morning",15560,0,0,0,0,FALSE,0,0,NA,26.22,46.42,351.6,28.6,0.129,13.8219443680451,-0.240000000000002,0.980000000000004,154.5,0,-0.001,0.110577009426855,TRUE,FALSE,FALSE,FALSE
"147",2024-06-24 08:30:00,167,"38","SO",2025-09-02 08:37:00,2024-06-24,"a","1",FALSE,FALSE,FALSE,1230,NA,NA,NA,"","shade","summer",34.69788,-120.04902,2024-06-24 08:37:00,"morning",1230,0,6,1,1,FALSE,6,-6,-4.11087386417331,26.22,46.42,351.6,28.6,0.129,13.8219443680451,-0.240000000000002,0.980000000000004,154.5,0,-0.001,0.110577009426855,TRUE,TRUE,TRUE,FALSE
"148",2024-06-24 18:00:00,168,"35","SO",2025-09-02 17:56:00,2024-06-24,"a","1",FALSE,FALSE,FALSE,17230,NA,NA,NA,"nest activity","control","summer",34.69787,-120.0492,2024-06-24 17:56:00,"evening",17230,0,0,0,0,FALSE,0,0,NA,32,28.01,346.5,30.7,0.13,11.2129414912163,0,-0.75,-98.1,0.279999999999998,0,-0.39963004896652,TRUE,FALSE,FALSE,FALSE
"149",2024-06-24 18:00:00,169,"38","SO",2025-09-02 17:59:00,2024-06-24,"a","1",FALSE,FALSE,FALSE,9900,NA,NA,NA,"","shade","summer",34.69788,-120.04902,2024-06-24 17:59:00,"evening",9900,13,9,2,2,FALSE,22,4,0.364337816684301,32,28.01,346.5,30.7,0.13,11.2129414912163,0,-0.75,-98.1,0.279999999999998,0,-0.39963004896652,TRUE,TRUE,TRUE,TRUE
"150",2024-06-24 18:15:00,170,"37","SO",2025-09-02 18:18:00,2024-06-24,"a","3",FALSE,TRUE,FALSE,6290,7050,5610,NA,"","water","summer",34.6979,-120.04908,2024-06-24 18:18:00,"evening",6316.66666666667,55,30,4,2,TRUE,85,25,0.604624544404039,31.3,28.29,342,30.7,0.131,10.7641886707567,-0.699999999999999,0.279999999999998,-4.5,0,0.001,-0.448752820459626,TRUE,TRUE,TRUE,TRUE
"151",2024-06-24 18:45:00,171,"30","SO",2025-09-02 18:51:00,2024-06-24,"a","2",FALSE,FALSE,FALSE,1290,2850,NA,NA,"","control","summer",34.6973,-120.04863,2024-06-24 18:51:00,"evening",2070,44,29,2,2,FALSE,73,15,0.415721608275353,29.55,28.2,205.1,30.77,0.131,9.21821863187345,-0.949999999999999,-0.93,-61.9,0.0700000000000003,0,-1.29973336358491,TRUE,TRUE,TRUE,TRUE
"152",2024-06-24 19:15:00,172,"31","SO",2025-09-02 19:12:00,2024-06-24,"a","2",FALSE,FALSE,FALSE,900,380,NA,NA,"","shade","summer",34.69729,-120.04858,2024-06-24 19:12:00,"evening",640,81,37,3,2,TRUE,118,44,0.782065991507978,28.4,27.29,85,31.1,0.129,7.75017670480845,-0.93,0.699999999999999,-70.9,0.0100000000000016,-0.001,-0.4101152465726,TRUE,TRUE,TRUE,TRUE
"153",2024-06-24 19:30:00,173,"28","SO",2025-09-02 19:36:00,2024-06-24,"a","3",FALSE,FALSE,FALSE,660,560,520,NA,"","water","summer",34.69722,-120.04857,2024-06-24 19:36:00,"evening",580,75,74,6,6,FALSE,149,1,0.0134050264680478,27.26,28.12,26.53,31.1,0.129,7.21420083280396,-1.14,0.830000000000002,-58.47,0,0,-0.535975872004482,TRUE,TRUE,TRUE,TRUE
"154",2024-06-24 20:15:00,174,"21","SO",2025-09-02 20:09:00,2024-06-24,"a","2",FALSE,FALSE,FALSE,120,130,NA,NA,"","control","summer",34.69699,-120.04851,2024-06-24 20:09:00,"evening",125,60,71,4,4,FALSE,131,-11,-0.168077495268033,25.34,34.69,6.571,31.11,0.129,8.63625474100706,-1.05,4.02,-9.729,0.00999999999999801,0,0.899299679085115,TRUE,TRUE,TRUE,TRUE
"155",2024-06-24 20:30:00,175,"23","SO",2025-09-02 20:32:00,2024-06-24,"a","1",FALSE,TRUE,FALSE,0,NA,NA,NA,"","shade","summer",34.69705,-120.04848,2024-06-24 20:32:00,"evening",0,36,41,2,1,TRUE,77,-5,-0.129715256163354,24.47,37.8,2.787,31.13,0.129,9.13998815604627,-0.870000000000001,3.11,-3.784,0.0199999999999996,0,0.503733415039214,TRUE,TRUE,TRUE,TRUE
"156",2024-06-24 20:45:00,176,"22","SO",2025-09-02 20:48:00,2024-06-24,"a","2",FALSE,FALSE,FALSE,0,NA,NA,NA,"","water","summer",34.69709,-120.04851,2024-06-24 20:48:00,"evening",0,19,29,1,1,FALSE,48,-10,-0.421049839124863,23.75,40.72,0.747,31.13,0.129,9.60460753057566,-0.719999999999999,2.92,-2.04,0,0,0.46461937452939,TRUE,TRUE,TRUE,TRUE
"157",2024-06-25 06:00:00,177,"21","SO",2025-09-02 05:59:00,2024-06-25,"a","2",TRUE,TRUE,FALSE,4010,3860,NA,NA,"","control","summer",34.69699,-120.04851,2024-06-25 05:59:00,"morning",3935,12,16,3,3,FALSE,28,-4,-0.285613819387722,17.06,64.17,1.993,29.5,0.127,10.2334797762836,-0.420000000000002,1.58,1.71,0,-0.002,-0.0240549656761733,TRUE,TRUE,TRUE,TRUE
"158",2024-06-25 06:15:00,178,"23","SO",2025-09-02 06:21:00,2024-06-25,"a","1",FALSE,TRUE,FALSE,2080,NA,NA,NA,"","shade","summer",34.69705,-120.04848,2024-06-25 06:21:00,"morning",2080,23,35,3,3,FALSE,58,-12,-0.418368512944072,17.1,63.68,7.453,29.5,0.127,10.1565695745106,0.0400000000000027,-0.490000000000002,5.46,0,0,-0.0769102017729875,TRUE,TRUE,TRUE,TRUE
"159",2024-06-25 06:45:00,179,"22","SO",2025-09-02 06:47:00,2024-06-25,"a","2",TRUE,TRUE,FALSE,4740,5530,NA,NA,"mound activity, seeds moving out","water","summer",34.69709,-120.04851,2024-06-25 06:47:00,"morning",5135,10,10,2,1,TRUE,20,0,0,17.52,65.62,57.18,29.2,0.129,11.0060494194639,0.599999999999998,-0.0999999999999943,37.75,-0.220000000000002,0.001,0.547561442587059,TRUE,TRUE,TRUE,TRUE
"160",2024-06-25 07:15:00,180,"19","SO",2025-09-02 07:12:00,2024-06-25,"a","2",FALSE,FALSE,FALSE,12560,14420,NA,NA,"","control","summer",34.69765,-120.04902,2024-06-25 07:12:00,"morning",13490,7,8,2,2,FALSE,15,-1,-0.131769277631123,21.72,53.61,123.6,29.2,0.129,11.891055643341,1.72,-3.44,24.7,0,0,0.659292447983358,TRUE,TRUE,TRUE,TRUE
"161",2024-06-25 07:30:00,181,"20","SO",2025-09-02 07:35:00,2024-06-25,"a","2",FALSE,FALSE,FALSE,7000,10890,NA,NA,"","shade","summer",34.69757,-120.04898,2024-06-25 07:35:00,"morning",8945,8,65,4,4,FALSE,73,-57,-2.08406048753613,23,51.1,170.7,29.2,0.129,12.3449774565027,1.28,-2.51,47.1,0,0,0.453921813161781,TRUE,TRUE,TRUE,FALSE
"162",2024-06-25 08:00:00,182,"29","SO",2025-09-02 07:57:00,2024-06-25,"a","2",FALSE,FALSE,FALSE,10170,12110,NA,NA,"mound activity, seeds moving out","water","summer",34.69754,-120.04885,2024-06-25 07:57:00,"morning",11140,21,21,2,1,TRUE,42,0,0,24.83,46.98,251,28.9,0.129,12.7397884159716,0.869999999999997,-15.61,42.2,-0.0700000000000003,0,-3.63932177048303,TRUE,TRUE,TRUE,TRUE
"163",2024-06-25 17:30:00,184,"39","SO",2025-09-02 17:29:00,2024-06-25,"a","1",FALSE,FALSE,FALSE,4730,NA,NA,NA,"nest activity","shade","summer",34.69781,-120.04895,2024-06-25 17:29:00,"evening",4730,0,0,0,0,FALSE,0,0,NA,30.86,29.54,444.3,31.09,0.129,11.0378456836571,-0.57,0.23,-40.9,0.390000000000001,0.002,-0.372164156422132,TRUE,FALSE,FALSE,FALSE
"164",2024-06-25 17:30:00,185,"40","SO",2025-09-02 17:34:00,2024-06-25,"a","3",FALSE,FALSE,FALSE,14000,21140,13650,NA,"","water","summer",34.69779,-120.04892,2024-06-25 17:34:00,"evening",16263.3333333333,32,11,3,1,TRUE,43,21,1.06191092181768,30.86,29.54,444.3,31.09,0.129,11.0378456836571,-0.57,0.23,-40.9,0.390000000000001,0.002,-0.372164156422132,TRUE,TRUE,TRUE,TRUE
"165",2024-06-25 18:00:00,186,"41","SO",2025-09-02 17:59:00,2024-06-25,"a","1",FALSE,FALSE,FALSE,13980,NA,NA,NA,"mound activity, seeds moving out","control","summer",34.69779,-120.04885,2024-06-25 17:59:00,"evening",13980,0,0,0,0,FALSE,0,0,NA,30.2,29,359.1,31.1,0.131,10.1931326465385,-0.48,-0.359999999999999,-46,0,0.001,-0.597789124413223,TRUE,FALSE,FALSE,FALSE
"166",2024-06-25 18:00:00,187,"38","SO",2025-09-02 18:07:00,2024-06-25,"a","1",FALSE,FALSE,FALSE,1340,NA,NA,NA,"","shade","summer",34.69788,-120.04902,2024-06-25 18:07:00,"evening",1340,1,1,1,1,FALSE,2,0,0,30.2,29,359.1,31.1,0.131,10.1931326465385,-0.48,-0.359999999999999,-46,0,0.001,-0.597789124413223,TRUE,TRUE,TRUE,TRUE
"167",2024-06-25 18:30:00,188,"37","SO",2025-09-02 18:23:00,2024-06-25,"a","3",FALSE,TRUE,FALSE,6890,6970,7780,NA,"","water","summer",34.6979,-120.04908,2024-06-25 18:23:00,"evening",7213.33333333333,22,15,4,2,TRUE,37,7,0.380882864702829,29.31,29.67,262.8,31.4,0.129,9.7690068616759,-0.48,0.810000000000002,-46.4,0.119999999999997,-0.001,0.00035263955908782,TRUE,TRUE,TRUE,TRUE
"168",2024-06-25 19:00:00,189,"35","SO",2025-09-02 18:55:00,2024-06-25,"a","1",FALSE,FALSE,FALSE,3940,NA,NA,NA,"","control","summer",34.69787,-120.0492,2024-06-25 18:55:00,"evening",3940,64,40,3,3,FALSE,104,24,0.469068029614101,28.29,32.27,185.1,31.4,0.129,10.1413964923847,-0.420000000000002,1.2,-38.1,0,0,0.202104123186698,TRUE,TRUE,TRUE,TRUE
"169",2024-06-25 19:15:00,190,"31","SO",2025-09-02 19:22:00,2024-06-25,"a","2",FALSE,FALSE,FALSE,1590,700,NA,NA,"","shade","summer",34.69729,-120.04858,2024-06-25 19:22:00,"evening",1145,7,41,2,2,FALSE,48,-34,-1.75591333745492,27.54,32.45,145.4,31.41,0.129,9.57110909952753,-0.75,0.18,-39.7,0.0100000000000016,0,-0.570287392857191,TRUE,TRUE,TRUE,FALSE
"170",2024-06-25 19:45:00,191,"28","SO",2025-09-02 19:48:00,2024-06-25,"a","3",FALSE,FALSE,FALSE,650,560,550,NA,"","water","summer",34.69722,-120.04857,2024-06-25 19:48:00,"evening",586.666666666667,75,54,4,4,FALSE,129,21,0.327986372917653,26.32,29.36,73.09,31.7,0.13,7.0370017052356,-0.640000000000001,-4.65,-35.61,0.0700000000000003,0.001,-2.72751081218128,TRUE,TRUE,TRUE,TRUE
"171",2024-06-25 20:15:00,192,"30","SO",2025-09-02 20:11:00,2024-06-25,"a","2",FALSE,FALSE,FALSE,80,90,NA,NA,"","control","summer",34.6973,-120.04863,2024-06-25 20:11:00,"evening",85,39,35,3,3,FALSE,74,4,0.1079213365195,24.16,40.36,11.2,31.7,0.131,9.83954903384226,-1.37,3.22,-26.19,0,0,0.0210945822184687,TRUE,TRUE,TRUE,TRUE
"172",2024-10-05 18:00:00,206,"913","SO",2025-09-02 18:05:00,2024-10-05,"a","1",FALSE,FALSE,FALSE,1330,NA,NA,NA,"","water","fall",34.69766,-120.04788,2024-10-05 18:05:00,"evening",1330,12,16,1,1,FALSE,28,-4,-0.285613819387722,31.54,31.98,67.29,28.9,0.078,12.8308960261986,-1.28,2.84,-73.81,0,-0.002,0.315420898881738,TRUE,TRUE,TRUE,TRUE
"173",2024-10-05 18:00:00,204,"921","SO",2025-09-02 17:56:00,2024-10-05,"a","1",FALSE,FALSE,FALSE,2420,NA,NA,NA,"","control","fall",34.69791,-120.04784,2024-10-05 17:56:00,"evening",2420,0,0,0,0,FALSE,0,0,NA,31.54,31.98,67.29,28.9,0.078,12.8308960261986,-1.28,2.84,-73.81,0,-0.002,0.315420898881738,TRUE,FALSE,FALSE,FALSE
"174",2024-10-05 18:00:00,205,"920","SO",2025-09-02 18:02:00,2024-10-05,"a","1",FALSE,FALSE,FALSE,620,NA,NA,NA,"","shade","fall",34.69773,-120.04799,2024-10-05 18:02:00,"evening",620,0,0,0,0,FALSE,0,0,NA,31.54,31.98,67.29,28.9,0.078,12.8308960261986,-1.28,2.84,-73.81,0,-0.002,0.315420898881738,TRUE,FALSE,FALSE,FALSE
"175",2024-10-05 18:15:00,207,"914","SO",2025-09-02 18:19:00,2024-10-05,"a","4",FALSE,FALSE,FALSE,530,490,450,440,"","control","fall",34.69754,-120.04756,2024-10-05 18:19:00,"evening",477.5,2,3,1,1,FALSE,5,-1,-0.389464766761723,29.8,34.43,20.71,28.95,0.077,12.4397125876653,-1.74,2.45,-46.58,0.0500000000000007,-0.001,-0.39118343853327,TRUE,TRUE,TRUE,TRUE
"176",2024-10-05 18:30:00,208,"919","SO",2025-09-02 18:37:00,2024-10-05,"a","1",FALSE,FALSE,FALSE,10,NA,NA,NA,"","shade","fall",34.69754,-120.04774,2024-10-05 18:37:00,"evening",10,21,6,1,1,FALSE,27,15,1.24098426930276,28.3,37.89,8.82,29.2,0.077,12.5772255099267,-1.5,3.46,-11.89,0.25,0,0.137512922261456,FALSE,TRUE,TRUE,FALSE
"177",2024-10-05 19:00:00,209,"915","SO",2025-09-02 19:00:00,2024-10-05,"a","2",FALSE,FALSE,FALSE,0,NA,NA,NA,"","water","fall",34.69739,-120.04772,2024-10-05 19:00:00,"evening",0,8,8,3,3,FALSE,16,0,0,25.8,43.35,1.319,29.2,0.077,12.3926111939529,-1.11,2.41,-2.801,0,0,-0.126280040530171,TRUE,TRUE,TRUE,TRUE
"178",2024-10-06 07:15:00,211,"908","SO",2025-09-02 07:17:00,2024-10-06,"a","1",FALSE,FALSE,FALSE,1030,NA,NA,NA,"","shade","fall",34.69684,-120.04793,2024-10-06 07:17:00,"morning",1030,0,0,0,0,FALSE,0,0,NA,18.98,47.87,5.434,27.67,0.074,7.67578921714869,0.0199999999999996,0.279999999999994,4.666,-0.129999999999999,-0.002,0.10440535481797,TRUE,FALSE,FALSE,FALSE
"179",2024-10-06 07:15:00,212,"934","SO",2025-09-02 07:21:00,2024-10-06,"a","3",FALSE,FALSE,FALSE,3760,3070,3420,NA,"","water","fall",34.69686,-120.04808,2024-10-06 07:21:00,"morning",3416.66666666667,0,0,0,0,FALSE,0,0,NA,18.98,47.87,5.434,27.67,0.074,7.67578921714869,0.0199999999999996,0.279999999999994,4.666,-0.129999999999999,-0.002,0.10440535481797,TRUE,FALSE,FALSE,FALSE
"180",2024-10-06 07:30:00,213,"910","SO",2025-09-02 07:30:00,2024-10-06,"a","2",FALSE,FALSE,FALSE,2790,2810,NA,NA,"","control","fall",34.69667,-120.04755,2024-10-06 07:30:00,"morning",2800,5,3,1,1,FALSE,8,2,0.497838428239179,19.11,48.84,21.74,27.5,0.073,8.0899911828146,0.129999999999999,0.970000000000006,16.306,-0.170000000000002,-0.001,0.414201965665911,TRUE,TRUE,TRUE,TRUE
"181",2024-10-06 07:45:00,214,"901","SO",2025-09-02 07:42:00,2024-10-06,"a","2",FALSE,FALSE,FALSE,2870,NA,NA,NA,"","shade","fall",34.69609,-120.04737,2024-10-06 07:42:00,"morning",2870,0,0,0,0,FALSE,0,0,NA,19.7,48.42,60,27.5,0.072,8.5036776161996,0.59,-0.420000000000002,38.26,0,-0.001,0.413686433384996,TRUE,FALSE,FALSE,FALSE
"182",2024-10-06 07:45:00,215,"902","SO",2025-09-02 07:52:00,2024-10-06,"a","1",FALSE,FALSE,FALSE,7470,NA,NA,NA,"","water","fall",34.69626,-120.04731,2024-10-06 07:52:00,"morning",7470,7,19,2,1,TRUE,26,-12,-0.989593551005315,19.7,48.42,60,27.5,0.072,8.5036776161996,0.59,-0.420000000000002,38.26,0,-0.001,0.413686433384996,TRUE,TRUE,TRUE,TRUE
"183",2024-10-06 08:15:00,216,"917","SO",2025-09-02 08:12:00,2024-10-06,"a","2",FALSE,FALSE,FALSE,18010,13600,NA,NA,"","control","fall",34.69716,-120.04841,2024-10-06 08:12:00,"morning",15805,26,34,3,3,FALSE,60,-8,-0.267362069960823,22.5,43.86,136.6,27.49,0.072,9.58587531794596,1.64,-3.36,36.6,-0.0100000000000016,0,0.392625896185665,TRUE,TRUE,TRUE,TRUE
"184",2024-10-06 08:30:00,217,"26","SO",2025-09-02 08:31:00,2024-10-06,"a","2",FALSE,FALSE,FALSE,7830,19040,NA,NA,"","shade","fall",34.69711,-120.04828,2024-10-06 08:31:00,"morning",13435,0,0,0,0,FALSE,0,0,NA,24.51,39.78,184.7,27.42,0.073,9.9364579867067,2.01,-4.08,48.1,-0.0699999999999967,0.001,0.350582668760746,FALSE,FALSE,FALSE,FALSE
"185",2024-10-06 08:45:00,218,"25","SO",2025-09-02 08:45:00,2024-10-06,"b","1",FALSE,FALSE,FALSE,15000,NA,NA,NA,"activity centered at hole ~2-3m WSW of flag - foraging goes to nest site 1a","water","fall",34.69696,-120.0482,2024-10-06 08:45:00,"morning",15000,7,43,1,1,FALSE,50,-36,-1.80342821306243,26.12,36.46,228.5,27.2,0.074,10.0645759179228,1.61,-3.32,43.8,-0.220000000000002,0.001,0.128117931216069,TRUE,TRUE,TRUE,FALSE
"186",2024-10-06 18:30:00,219,"917","SO",2025-09-02 18:29:00,2024-10-06,"a","3",FALSE,FALSE,FALSE,570,430,400,NA,"","control","fall",34.69716,-120.04841,2024-10-06 18:29:00,"evening",466.666666666667,0,0,1,0,TRUE,0,0,0,31.32,34.17,32.31,29.2,0.079,13.6552945034436,-1.98,3.72,-38.97,0,-0.001,0.0531441763564935,TRUE,TRUE,FALSE,TRUE
"187",2024-10-06 18:45:00,223,"920","SO",2025-09-02 18:51:00,2024-10-06,"a","1",FALSE,FALSE,FALSE,1,NA,NA,NA,"","shade","fall",34.69773,-120.04799,2024-10-06 18:51:00,"evening",1,5,1,1,1,FALSE,6,4,1.53393035992596,29.57,36.78,9.12,29.27,0.079,13.2470514292147,-1.75,2.61,-23.19,0.0700000000000003,0,-0.408243074228853,TRUE,TRUE,TRUE,FALSE
"188",2024-10-06 18:45:00,222,"921","SO",2025-09-02 18:48:00,2024-10-06,"a","1",FALSE,FALSE,FALSE,40,NA,NA,NA,"","control","fall",34.69791,-120.04784,2024-10-06 18:48:00,"evening",40,0,0,0,0,FALSE,0,0,NA,29.57,36.78,9.12,29.27,0.079,13.2470514292147,-1.75,2.61,-23.19,0.0700000000000003,0,-0.408243074228853,TRUE,FALSE,FALSE,FALSE
"189",2024-10-06 19:00:00,224,"913","SO",2025-09-02 19:07:00,2024-10-06,"a","1",FALSE,FALSE,FALSE,0,NA,NA,NA,"","water","fall",34.69766,-120.04788,2024-10-06 19:07:00,"evening",0,0,0,0,0,FALSE,0,0,NA,28.03,39.89,1.723,29.49,0.078,13.1236057191718,-1.54,3.11,-7.397,0.219999999999999,-0.001,-0.123445710042903,TRUE,FALSE,FALSE,FALSE
"190",2024-10-06 19:15:00,225,"914","SO",2025-09-02 19:11:00,2024-10-06,"a","2",FALSE,FALSE,FALSE,0,NA,NA,NA,"","control","fall",34.69754,-120.04756,2024-10-06 19:11:00,"evening",0,0,0,0,0,FALSE,0,0,NA,26.48,42.7,0.074,29.5,0.079,12.7752709865144,-1.55,2.81,-1.649,0.0100000000000016,0.001,-0.348334732657431,TRUE,FALSE,FALSE,FALSE
"191",2024-10-06 19:30:00,227,"915","SO",2025-09-02 19:25:00,2024-10-06,"a","3",FALSE,FALSE,FALSE,0,NA,NA,NA,"","water","fall",34.69739,-120.04772,2024-10-06 19:25:00,"evening",0,0,0,0,0,FALSE,0,0,NA,25.11,45.47,0,29.5,0.078,12.4958092285692,-1.37,2.77,-0.074,0,-0.001,-0.279461757945192,TRUE,FALSE,FALSE,FALSE
"192",2024-10-06 19:45:00,228,"904","SO",2025-09-02 19:42:00,2024-10-06,"a","1",FALSE,FALSE,FALSE,0,NA,NA,NA,"","control","fall",34.69731,-120.048,2024-10-06 19:42:00,"evening",0,0,0,0,0,FALSE,0,0,NA,24.29,24.31,0,29.5,0.078,2.59687253984933,-0.82,-21.16,0,0,0,-9.89893668871984,TRUE,FALSE,FALSE,FALSE
"193",2024-10-07 08:45:00,230,"915","SO",2025-09-02 08:45:00,2024-10-07,"a","3",FALSE,FALSE,FALSE,NA,NA,NA,NA,"","water","fall",34.69739,-120.04772,2024-10-07 08:45:00,"morning",NA,5,3,2,1,TRUE,8,2,0.497838428239179,25.57,32.21,226.1,27.5,0.074,7.7440639425025,1.06,-1.63,43.1,0,0,0.202270548213257,TRUE,TRUE,TRUE,TRUE
"194",2024-10-07 09:00:00,232,"904","SO",2025-09-02 09:00:00,2024-10-07,"a","1",FALSE,FALSE,FALSE,23420,NA,NA,NA,"","control","fall",34.69731,-120.048,2024-10-07 09:00:00,"morning",23420,0,0,0,0,FALSE,0,0,NA,26.77,30.96,273.4,27.49,0.074,8.20483235012263,1.2,-1.25,47.3,-0.0100000000000016,0,0.460768407620136,TRUE,FALSE,FALSE,FALSE
"195",2024-10-07 09:00:00,231,"914","SO",2025-09-02 08:54:00,2024-10-07,"a","2",FALSE,FALSE,FALSE,41290,46560,NA,NA,"","control","fall",34.69754,-120.04756,2024-10-07 08:54:00,"morning",43925,0,0,0,0,FALSE,0,0,NA,26.77,30.96,273.4,27.49,0.074,8.20483235012263,1.2,-1.25,47.3,-0.0100000000000016,0,0.460768407620136,TRUE,FALSE,FALSE,FALSE
"196",2024-10-07 18:30:00,234,"934","SO",2025-09-02 18:30:00,2024-10-07,"a","2",FALSE,FALSE,FALSE,140,130,NA,NA,"","water","fall",34.69686,-120.04808,2024-10-07 18:30:00,"evening",135,2,2,1,1,FALSE,4,0,0,28.04,41.07,31.17,29.2,0.076,13.5801879117975,-1.47,2.84,-40.06,0.0299999999999976,0,-0.208201063254794,TRUE,TRUE,TRUE,TRUE
"197",2024-10-07 18:45:00,235,"910","SO",2025-09-02 18:50:00,2024-10-07,"a->b","",FALSE,FALSE,FALSE,NA,NA,NA,NA,"moving! ~3m East","control","fall",34.69667,-120.04755,2024-10-07 18:50:00,"evening",NA,0,0,0,0,FALSE,0,0,NA,26.23,45.41,7.56,29.2,0.076,13.4924458072542,-1.81,4.34,-23.61,0,0,-0.0877421045433149,TRUE,FALSE,FALSE,FALSE
"198",2024-10-07 19:00:00,236,"901","SO",2025-09-02 18:54:00,2024-10-07,"a","2",FALSE,FALSE,FALSE,0,0,NA,NA,"","shade","fall",34.69609,-120.04737,2024-10-07 18:54:00,"evening",0,11,2,1,1,FALSE,13,9,1.66500776358891,25.11,47.91,1.562,29.2,0.076,13.2955889092917,-1.12,2.5,-5.998,0,0,-0.196856897962551,TRUE,TRUE,TRUE,FALSE
"199",2024-10-07 19:15:00,237,"902","SO",2025-09-02 19:10:00,2024-10-07,"a","1",FALSE,FALSE,FALSE,0,NA,NA,NA,"","water","fall",34.69626,-120.04731,2024-10-07 19:10:00,"evening",0,4,8,1,1,FALSE,12,-4,-0.680877087968131,24.33,49.87,0.061,29.34,0.076,13.1961454600889,-0.780000000000001,1.96,-1.501,0.140000000000001,0,-0.0994434492027985,TRUE,TRUE,TRUE,TRUE
"200",2024-10-07 19:45:00,247,"917","SO",2025-09-02 19:44:00,2024-10-07,"a","3",FALSE,FALSE,FALSE,0,0,0,NA,"","control","fall",34.69716,-120.04841,2024-10-07 19:44:00,"evening",0,11,21,2,2,FALSE,32,-10,-0.642327932163732,23.39,52.48,0,29.5,0.076,13.1121145212272,-0.0899999999999999,0.199999999999996,0,0.0100000000000016,0,-0.0246463192505324,TRUE,TRUE,TRUE,TRUE
"201",2024-10-07 20:00:00,242,"26","SO",2025-09-02 20:02:00,2024-10-07,"b?","3",FALSE,FALSE,FALSE,NA,NA,NA,NA,"","shade","fall",34.69711,-120.04828,2024-10-07 20:02:00,"evening",NA,0,0,0,0,FALSE,0,0,NA,22.68,54.52,0,29.5,0.076,13.0385683816673,-0.710000000000001,2.04000000000001,0,0,0,-0.0735461395598342,FALSE,FALSE,FALSE,FALSE
"202",2024-10-07 20:15:00,244,"921","SO",2025-09-02 20:12:00,2024-10-07,"a","1",FALSE,FALSE,FALSE,0,NA,NA,NA,"","control","fall",34.69791,-120.04784,2024-10-07 20:12:00,"evening",0,3,5,1,1,FALSE,8,-2,-0.497838428239179,21.26,57.84,0,29.5,0.076,12.6187912731266,-1.42,3.32,0,0,0,-0.419777108540792,TRUE,TRUE,TRUE,TRUE
"203",2024-10-07 20:15:00,245,"920","SO",2025-09-02 20:18:00,2024-10-07,"a","1",FALSE,FALSE,FALSE,0,NA,NA,NA,"","shade","fall",34.69773,-120.04799,2024-10-07 20:18:00,"evening",0,5,11,1,1,FALSE,16,-6,-0.777704568588008,21.26,57.84,0,29.5,0.076,12.6187912731266,-1.42,3.32,0,0,0,-0.419777108540792,TRUE,TRUE,TRUE,TRUE
"204",2024-10-07 20:30:00,246,"915","SO",2025-09-02 20:29:00,2024-10-07,"a","2",FALSE,FALSE,FALSE,0,NA,NA,NA,"","water","fall",34.69739,-120.04772,2024-10-07 20:29:00,"evening",0,3,3,1,1,FALSE,6,0,0,20.85,59,0,29.5,0.076,12.5377484278448,-0.41,1.16,0,0,0,-0.0810428452817931,TRUE,TRUE,TRUE,TRUE
"205",2024-10-08 07:45:00,239,"901","SO",2025-09-02 07:42:00,2024-10-08,"a","2",FALSE,FALSE,FALSE,3090,3700,NA,NA,"","shade","fall",34.69609,-120.04737,2024-10-08 07:42:00,"morning",3395,0,0,0,0,FALSE,0,0,NA,14.46,68.9,48.03,27.26,0.072,8.81687215313493,0.420000000000002,-1.33999999999999,32.9,-0.239999999999998,-0.002,0.117001094070925,TRUE,FALSE,FALSE,FALSE
"206",2024-10-08 07:45:00,240,"902","SO",2025-09-02 07:50:00,2024-10-08,"a","1",FALSE,FALSE,FALSE,6410,NA,NA,NA,"","water","fall",34.69626,-120.04731,2024-10-08 07:50:00,"morning",6410,0,0,0,0,FALSE,0,0,NA,14.46,68.9,48.03,27.26,0.072,8.81687215313493,0.420000000000002,-1.33999999999999,32.9,-0.239999999999998,-0.002,0.117001094070925,TRUE,FALSE,FALSE,FALSE
"207",2024-10-08 07:45:00,238,"910","SO",2025-09-02 07:39:00,2024-10-08,"b","1",FALSE,FALSE,FALSE,1830,NA,NA,NA,"","control","fall",34.69667,-120.04755,2024-10-08 07:39:00,"morning",1830,0,0,0,0,FALSE,0,0,NA,14.46,68.9,48.03,27.26,0.072,8.81687215313493,0.420000000000002,-1.33999999999999,32.9,-0.239999999999998,-0.002,0.117001094070925,TRUE,FALSE,FALSE,FALSE
"208",2024-10-08 08:00:00,243,"25","SO",2025-09-02 07:57:00,2024-10-08,"b","2",FALSE,FALSE,FALSE,5590,5080,NA,NA,"","water","fall",34.69696,-120.0482,2024-10-08 07:57:00,"morning",5335,0,0,1,0,TRUE,0,0,0,15.93,64.74,91.3,27.21,0.071,9.29333667452762,1.47,-4.16000000000001,43.27,-0.0500000000000007,-0.001,0.476464521392694,TRUE,TRUE,FALSE,TRUE
"209",2024-10-08 08:15:00,248,"920","SO",2025-09-02 08:21:00,2024-10-08,"a","1",FALSE,FALSE,FALSE,17900,NA,NA,NA,"","shade","fall",34.69773,-120.04799,2024-10-08 08:21:00,"morning",17900,0,0,1,1,FALSE,0,0,0,17.22,61.32,133.1,27.2,0.071,9.70548473986771,1.29,-3.41999999999999,41.8,-0.0100000000000016,0,0.412148065340087,TRUE,TRUE,TRUE,TRUE
"210",2024-10-08 08:30:00,249,"915","SO",2025-09-02 08:31:00,2024-10-08,"a","2",FALSE,FALSE,FALSE,26540,23470,NA,NA,"","water","fall",34.69739,-120.04772,2024-10-08 08:31:00,"morning",25005,0,0,3,0,TRUE,0,0,0,19.06,55.42,176.1,27.2,0.071,9.91924901785385,1.84,-5.9,43,0,0,0.213764277986133,TRUE,TRUE,FALSE,TRUE
"211",2024-10-08 08:45:00,250,"921","SO",2025-09-02 08:42:00,2024-10-08,"a","1",FALSE,FALSE,FALSE,13720,NA,NA,NA,"","control","fall",34.69791,-120.04784,2024-10-08 08:42:00,"morning",13720,0,0,0,0,FALSE,0,0,NA,21,49.76,220.4,27.11,0.071,10.102984491559,1.94,-5.66,44.3,-0.0899999999999999,0,0.183735473705179,TRUE,FALSE,FALSE,FALSE
"212",2024-10-08 18:30:00,251,"904","SO",2025-09-02 18:33:00,2024-10-08,"?","?",FALSE,FALSE,FALSE,NA,NA,NA,NA,"Can't find entrance, no signs of life","control","fall",34.69731,-120.048,2024-10-08 18:33:00,"evening",NA,0,0,0,0,FALSE,0,0,NA,25.24,47.87,23.31,28.6,0.075,13.4015557366083,-1.27,3.06,-38.61,0.0700000000000003,0,-0.140316961593511,TRUE,FALSE,FALSE,FALSE
"213",2024-10-08 18:45:00,253,"934","SO",2025-09-02 18:43:00,2024-10-08,"a","2",FALSE,FALSE,FALSE,60,60,NA,NA,"Outward seed movement (away from nest entrance)","water","fall",34.69686,-120.04808,2024-10-08 18:43:00,"evening",60,0,0,0,0,FALSE,0,0,NA,23.98,50.82,6.153,28.6,0.075,13.1636671789611,-1.26,2.95,-17.157,0,0,-0.237888557647215,TRUE,FALSE,FALSE,FALSE
"214",2024-10-08 18:45:00,254,"910","SO",2025-09-02 18:49:00,2024-10-08,"b","1",FALSE,FALSE,FALSE,1,NA,NA,NA,"","control","fall",34.69667,-120.04755,2024-10-08 18:49:00,"evening",1,12,19,1,1,FALSE,31,-7,-0.456482882449889,23.98,50.82,6.153,28.6,0.075,13.1636671789611,-1.26,2.95,-17.157,0,0,-0.237888557647215,TRUE,TRUE,TRUE,TRUE
"215",2024-10-08 18:45:00,252,"908","SO",2025-09-02 18:41:00,2024-10-08,"a","2",FALSE,FALSE,FALSE,60,20,NA,NA,"","shade","fall",34.69684,-120.04793,2024-10-08 18:41:00,"evening",40,0,0,0,0,FALSE,0,0,NA,23.98,50.82,6.153,28.6,0.075,13.1636671789611,-1.26,2.95,-17.157,0,0,-0.237888557647215,TRUE,FALSE,FALSE,FALSE
"216",2024-10-08 19:00:00,255,"901","SO",2025-09-02 19:02:00,2024-10-08,"a","2",FALSE,FALSE,FALSE,0,0,NA,NA,"","shade","fall",34.69609,-120.04737,2024-10-08 19:02:00,"evening",0,30,11,1,1,FALSE,41,19,0.997580063436542,23.58,50.99,1.259,28.6,0.075,12.846452410331,-0.400000000000002,0.170000000000002,-4.894,0,0,-0.317214768630059,TRUE,TRUE,TRUE,TRUE
"217",2024-10-08 19:15:00,256,"902","SO",2025-09-02 19:14:00,2024-10-08,"a","1",FALSE,FALSE,FALSE,0,NA,NA,NA,"","water","fall",34.69626,-120.04731,2024-10-08 19:14:00,"evening",0,4,4,1,1,FALSE,8,0,0,22.63,52.73,0.034,28.82,0.075,12.4819843697088,-0.949999999999999,1.73999999999999,-1.225,0.219999999999999,0,-0.36446804062216,TRUE,TRUE,TRUE,TRUE
"218",2024-10-08 20:00:00,258,"913","SO",2025-09-02 19:55:00,2024-10-08,"?","?",FALSE,FALSE,FALSE,0,NA,NA,NA,"Can't find entrance, chaff around","water","fall",34.69766,-120.04788,2024-10-08 19:55:00,"evening",0,0,0,0,0,FALSE,0,0,NA,19.12,65.23,0,28.9,0.075,12.435928475494,-1.22,25.45,0,0,0,6.23085457323119,TRUE,FALSE,FALSE,FALSE
"219",2024-10-09 07:30:00,259,"904","SO",2025-09-02 07:34:00,2024-10-09,"a","1",FALSE,FALSE,FALSE,2830,NA,NA,NA,"","control","fall",34.69731,-120.048,2024-10-09 07:34:00,"morning",2830,0,0,0,0,FALSE,0,0,NA,9.43,94.2,14.33,26.7,0.071,8.54349956135176,-0.4,1,10.51,0,-0.001,-0.239005826469983,TRUE,FALSE,FALSE,FALSE
"220",2024-10-09 07:45:00,98,"910","SO",2025-09-02 07:50:00,2024-10-09,"b","1",FALSE,FALSE,FALSE,4370,NA,NA,NA,"","control","fall",34.69667,-120.04755,2024-10-09 07:50:00,"morning",4370,0,0,0,0,FALSE,0,0,NA,9.97,93.5,48.87,26.7,0.071,8.96901370837011,0.540000000000001,-0.700000000000003,34.54,0,0,0.425514147018349,TRUE,FALSE,FALSE,FALSE
"221",2024-10-09 07:45:00,261,"934","SO",2025-09-02 07:41:00,2024-10-09,"a","2",FALSE,FALSE,FALSE,5050,4190,NA,NA,"","water","fall",34.69686,-120.04808,2024-10-09 07:41:00,"morning",4620,0,0,0,0,FALSE,0,0,NA,9.97,93.5,48.87,26.7,0.071,8.96901370837011,0.540000000000001,-0.700000000000003,34.54,0,0,0.425514147018349,TRUE,FALSE,FALSE,FALSE
"222",2024-10-09 07:45:00,260,"908","SO",2025-09-02 07:38:00,2024-10-09,"a","1",FALSE,FALSE,FALSE,2170,NA,NA,NA,"suspected abandoned","shade","fall",34.69684,-120.04793,2024-10-09 07:38:00,"morning",2170,0,0,0,0,FALSE,0,0,NA,9.97,93.5,48.87,26.7,0.071,8.96901370837011,0.540000000000001,-0.700000000000003,34.54,0,0,0.425514147018349,TRUE,FALSE,FALSE,FALSE
"223",2024-10-09 08:00:00,99,"901","SO",2025-09-02 07:59:00,2024-10-09,"a","1",FALSE,FALSE,FALSE,5730,NA,NA,NA,"","shade","fall",34.69609,-120.04737,2024-10-09 07:59:00,"morning",5730,0,0,1,0,TRUE,0,0,0,10.62,94.8,90.3,26.57,0.072,9.81993123717503,0.649999999999999,1.3,41.43,-0.129999999999999,0.001,0.850917528804924,TRUE,TRUE,FALSE,TRUE
"224",2024-10-09 08:15:00,100,"902","SO",2025-09-02 08:16:00,2024-10-09,"a","1",FALSE,FALSE,FALSE,12590,NA,NA,NA,"","water","fall",34.69626,-120.04731,2024-10-09 08:16:00,"morning",12590,0,0,0,0,FALSE,0,0,NA,12.39,92,130.2,26.4,0.072,11.1255404933843,1.77,-2.8,39.9,-0.170000000000002,0,1.30560925620923,TRUE,FALSE,FALSE,FALSE
"225",2024-10-09 08:30:00,101,"917","SO",2025-09-02 08:24:00,2024-10-09,"a","3",FALSE,FALSE,FALSE,33840,29010,19780,NA,"","control","fall",34.69716,-120.04841,2024-10-09 08:24:00,"morning",27543.3333333333,42,11,3,3,FALSE,53,31,1.33310263237005,13.83,86.4,170.8,26.4,0.072,11.5965582822876,1.44,-5.59999999999999,40.6,0,0,0.47101778890336,TRUE,TRUE,TRUE,FALSE
"226",2024-10-09 08:45:00,102,"25","SO",2025-09-02 08:43:00,2024-10-09,"b","2",FALSE,FALSE,FALSE,11450,19530,NA,NA,"","water","fall",34.69696,-120.0482,2024-10-09 08:43:00,"morning",15490,0,0,2,1,TRUE,0,0,0,15.15,80.3,213.1,26.4,0.072,11.7782760462215,1.32,-6.10000000000001,42.3,0,0,0.181717763933838,TRUE,TRUE,TRUE,TRUE
"227",2024-10-09 09:15:00,103,"921","SO",2025-09-02 09:09:00,2024-10-09,"a","2",FALSE,FALSE,FALSE,11210,15100,NA,NA,"","control","fall",34.69791,-120.04784,2024-10-09 09:09:00,"morning",13155,0,0,0,0,FALSE,0,0,NA,17.47,72.29,300.6,26.2,0.072,12.4257840687929,1.26,-3.61,42.2,-0.16,0,0.473825874878314,TRUE,FALSE,FALSE,FALSE
"228",2024-10-09 17:30:00,105,"25","SO",2025-09-02 17:36:00,2024-10-09,"b","2",FALSE,FALSE,FALSE,2390,2200,NA,NA,"","water","fall",34.69696,-120.0482,2024-10-09 17:36:00,"evening",2295,8,9,3,3,FALSE,17,-1,-0.116410351844411,27.48,42.06,179.7,27.5,0.074,13.4437528048229,-0.52,1.59,-44.5,0.109999999999999,0.002,0.125533430413315,TRUE,TRUE,TRUE,TRUE
"229",2024-10-09 18:00:00,104,"920","SO",2025-09-02 18:00:00,2024-10-09,"a","1",FALSE,FALSE,FALSE,1330,NA,NA,NA,"","shade","fall",34.69773,-120.04799,2024-10-09 18:00:00,"evening",1330,14,1,1,1,FALSE,15,13,2.5508646175798,25.21,48.23,96.4,27.67,0.074,13.4892597011179,-1.25,2.66999999999999,-40.8,0.170000000000002,0.001,-0.262724701618195,TRUE,TRUE,TRUE,FALSE
"230",2024-10-09 18:15:00,106,"913","SO",2025-09-02 18:19:00,2024-10-09,"?","?",FALSE,FALSE,FALSE,NA,NA,NA,NA,"abandoned?","water","fall",34.69766,-120.04788,2024-10-09 18:19:00,"evening",NA,0,0,0,0,FALSE,0,0,NA,24.33,50.65,58.5,27.8,0.074,13.4343826981847,-0.880000000000003,2.42,-37.9,0.129999999999999,0,-0.0548770029331376,TRUE,FALSE,FALSE,FALSE
"231",2024-10-09 18:15:00,107,"914","SO",2025-09-02 18:22:00,2024-10-09,"a","3",FALSE,FALSE,FALSE,700,710,460,NA,"","control","fall",34.69754,-120.04756,2024-10-09 18:22:00,"evening",623.333333333333,30,28,1,1,FALSE,58,2,0.06875559541513,24.33,50.65,58.5,27.8,0.074,13.4343826981847,-0.880000000000003,2.42,-37.9,0.129999999999999,0,-0.0548770029331376,TRUE,TRUE,TRUE,TRUE
"232",2024-10-09 18:30:00,111,"921","SO",2025-09-02 18:36:00,2024-10-09,"a","2",FALSE,FALSE,FALSE,130,150,NA,NA,"","control","fall",34.69791,-120.04784,2024-10-09 18:36:00,"evening",140,0,0,0,0,FALSE,0,0,NA,22.81,54.93,22.62,27.8,0.074,13.274226158307,-1.52,4.28,-35.88,0,0,-0.160156539877676,TRUE,FALSE,FALSE,FALSE
"233",2024-10-09 18:30:00,108,"904","SO",2025-09-02 18:32:00,2024-10-09,"a","1",FALSE,FALSE,FALSE,320,NA,NA,NA,"","control","fall",34.69731,-120.048,2024-10-09 18:32:00,"evening",320,0,0,0,0,FALSE,0,0,NA,22.81,54.93,22.62,27.8,0.074,13.274226158307,-1.52,4.28,-35.88,0,0,-0.160156539877676,TRUE,FALSE,FALSE,FALSE
"234",2024-10-09 19:00:00,112,"917","SO",2025-09-02 18:57:00,2024-10-09,"a","3",FALSE,FALSE,FALSE,0,0,0,NA,"","control","fall",34.69716,-120.04841,2024-10-09 18:57:00,"evening",0,19,10,1,1,FALSE,29,9,0.637152911205371,20.51,62.95,0.586,27.91,0.074,13.208924878943,-0.969999999999999,3.31,-5.002,0.100000000000001,0,-0.0852127419476449,TRUE,TRUE,TRUE,TRUE
"235",2024-10-09 19:15:00,109,"934","SO",2025-09-02 19:10:00,2024-10-09,"a","1",FALSE,FALSE,FALSE,0,NA,NA,NA,"","water","fall",34.69686,-120.04808,2024-10-09 19:10:00,"evening",0,0,0,0,0,FALSE,0,0,NA,19.66,64.36,0,28,0.074,12.7433618680627,-0.850000000000001,1.41,-0.586,0.0899999999999999,0,-0.465563010880345,TRUE,FALSE,FALSE,FALSE
